ts,tier,company,title,location,season,sponsorship,source,url
2026-07-17T14:10:38Z,B,Composio,Full-stack Intern,"San Francisco, CA",,,speedyapply,https://jobs.ashbyhq.com/composio/4d819015-0b9a-466f-9b41-8e1cc1e5b6d9
2026-07-17T14:10:38Z,C,Formlabs,Algorithms Software Intern - Fall 2026,"Somerville, MA",,,speedyapply,https://careers.formlabs.com/job/8060759/apply/?gh_jid=8060759
2026-07-17T14:10:38Z,C,Chevron,2026-2027 Information Technology - Software Engineer - Intern,"Houston, TX",,,speedyapply,https://chevron.wd5.myworkdayjobs.com/en-US/university/job/Houston-Texas-United-States-of-America/XMLNAME-2026-2027-Information-Technology---Software-Engineer---Intern_R000072398-1
2026-07-17T14:10:38Z,B,Genesys,Software Developer - Test Intern - 12mos,"Toronto, Canada",,,speedyapply_intl,https://genesys.wd1.myworkdayjobs.com/en-US/genesys/job/Toronto-Flexible/Software-Developer--Test-Intern--12mos-_JR109267-1
2026-07-17T14:10:38Z,C,Lilly,Intern - Full Stack Engineer,"Bengaluru, India",,,speedyapply_intl,https://lilly.wd115.myworkdayjobs.com/en-US/lly/job/India-Bangalore/Intern---Full-Stack-Engineer_R-108598-1
2026-07-17T14:10:38Z,B,Orion Innovation,Software Engineer Intern - Bioinformatics & Genomics,"Remote - Belgrade, Serbia",,,speedyapply_intl,https://www.orioninc.com/careers/job/?gh_jid=4697184006
2026-07-17T14:10:38Z,B,GeoComply,Full Stack Developer Intern - Fall 2026,"Vancouver, Canada",,,speedyapply_intl,https://jobs.lever.co/geocomply-2/a3131ad8-06ec-4c6e-b27c-81aa4c02cc40
2026-07-17T14:10:38Z,C,Grab,Intern - Software Engineer Mobile - iOS,"Petaling Jaya, Malaysia",,,speedyapply_intl,https://jobs.smartrecruiters.com/Grab/744000131508859-intern-software-engineer-mobile-ios-?oga=true
2026-07-17T14:10:38Z,C,Motorola Solutions,Software Engineer Intern,"George Town, Malaysia",,,speedyapply_intl,https://motorolasolutions.wd5.myworkdayjobs.com/en-US/careers/job/Penang-Malaysia/Software-Engineer-Intern_R64760-1
2026-07-17T17:47:00Z,B,Deepgram,Software Engineering- Internship,USA | Remote,Summer 2027,unknown,zshah101,https://jobs.ashbyhq.com/deepgram/dc8693b5-72ce-4ca3-ab15-9c8434d35da1
2026-07-17T17:47:00Z,B,Stevens Institute of Technology,Summer 2026 Intern:  Cyber Security and Reliable AI for UAS and Contested Environments,"Hoboken, NJ - Main Campus",Summer 2027,unknown,zshah101,https://stevens.wd5.myworkdayjobs.com/External/job/Hoboken-NJ---Main-Campus/Summer-2026-Intern---Cyber-Security-and-Reliable-AI-for-UAS-and-Contested-Environments_RQ30408-1
2026-07-17T19:58:23Z,C,Intel,AI Software Engineering Intern,"US, Arizona, Phoenix",Summer 2027,unknown,zshah101,https://intel.wd1.myworkdayjobs.com/external/job/US-Arizona-Phoenix/AI-Software-Engineering-Intern_JR0282641
2026-07-17T19:58:23Z,C,Magna International,AI Engineering Co-Op Student (4 months),"Milton, Ontario, CA",Summer 2027,unknown,zshah101,https://magna.wd3.myworkdayjobs.com/Magna/job/Milton-Ontario-CA/AI-Engineering-Co-Op-Student--4-months-_R00252238
2026-07-17T23:32:37Z,B,Altera Corporation,AI Software Development Engineer - Intern,"San Jose, California, United States",Summer 2027,unknown,zshah101,https://altera.wd1.myworkdayjobs.com/altera/job/San-Jose-California-United-States/AI-Software-Development-Engineer---Intern_R02707
2026-07-18T09:45:34Z,C,Copart,Software Engineering Intern,"Dallas, TX - Headquarters",Summer 2027,unknown,zshah101,https://copart.wd12.myworkdayjobs.com/copart/job/Dallas-TX---Headquarters/Software-Engineering-Intern_JR109672
2026-07-18T14:15:46Z,C,Formlabs,Supply Chain Operations Software Intern - Fall 2026,"Somerville, MA",,,speedyapply,https://careers.formlabs.com/job/8069676/apply/?gh_jid=8069676
2026-07-18T14:15:46Z,C,Virtu Financial,Internship - Software Engineer,Singapore,,,speedyapply_intl,https://job-boards.greenhouse.io/virturecruitinghidden/jobs/8089215002
2026-07-18T14:15:46Z,C,Virtu Financial,Internship - Software Engineer,Singapore,,,speedyapply_intl,https://job-boards.greenhouse.io/virturecruitinghidden/jobs/8636357002
2026-07-18T14:15:46Z,C,Activate Interactive Pte,Software Engineering Intern - IN26005,"Singapore, Singapore",,,speedyapply_intl,https://apply.workable.com/activate-interactive-pte-ltd/j/1AD6CF565A/
2026-07-18T14:15:46Z,C,Lucidya,Entry-Level Software Engineer - Internship - Fresh Graduate,"Riyadh, Saudi Arabia +1",,,speedyapply_intl,https://apply.workable.com/lucidya/j/972E263571/
2026-07-20T12:08:54Z,C,Kulicke & Soffa,"Intern, Software Engineering","Fort Washington, PA, United States",Summer 2027,unknown,zshah101,https://etyy.fa.ap2.oraclecloud.com/hcmUI/CandidateExperience/en/sites/CX_1/job/11497
2026-07-20T14:31:39Z,C,Medtronic,Intern AI Vision for Equipment Development,"Lausanne, Vaud, Switzerland",Fall 2026,unknown,zshah101,https://medtronic.wd1.myworkdayjobs.com/redeploymentmedtroniccareers/job/Lausanne-Vaud-Switzerland/Intern-AI-Vision-for-Equipment-Development_R72173
2026-07-20T14:31:39Z,C,Altom Transport,Fall Software Development Intern,"Hammond, IN",,,speedyapply,https://apply.workable.com/altom-transport/j/8536165C7B/
2026-07-20T14:31:39Z,C,Altom Transport,Fall Software Development Intern,"Hammond, IN",,,speedyapply,https://apply.workable.com/altom-transport/j/1E3C4A9408/
2026-07-20T14:31:39Z,C,Orion Health,Software Test Engineer Intern,"Christchurch, New Zealand",,,speedyapply_intl,https://apply.workable.com/orion-health/j/7FC3705FA6/
2026-07-20T14:31:39Z,C,Orion Health,Software Engineering Summer Internships 2026/27,"Auckland, New Zealand +1",,,speedyapply_intl,https://apply.workable.com/orion-health/j/9046F1E366/
2026-07-20T14:31:39Z,C,ASML,GenAI Software Developer Internship,"Shenzhen, China",,,speedyapply_intl,https://asml.wd3.myworkdayjobs.com/en-US/asmlext1/job/Shenzhen-China/GenAI-Software-Developer-Internship_J-00347662
2026-07-20T14:31:39Z,C,Autodesk,Software Engineering Intern Summer 2027,"Oslo, Norway",,,speedyapply_intl,https://autodesk.wd1.myworkdayjobs.com/en-US/ext/job/Norway---Oslo/Software-Engineering-Intern-Summer-2027_26WD100046
2026-07-20T14:31:39Z,C,HP,Cloud Engineering Intern,"Tlaquepaque, Mexico",,,speedyapply_intl,https://hp.wd5.myworkdayjobs.com/en-US/externalcareersite/job/Tlaquepaque-Jalisco-Mexico/Cloud-Engineering-Intern_3166173-1
2026-07-20T14:31:39Z,C,WATI.io,Software Development Intern,"Shenzhen, China",,,speedyapply_intl,https://apply.workable.com/wati-dot-i-o/j/6615AD59C0/
2026-07-20T14:31:39Z,C,WATI.io,Software Development Engineer Intern,"Shenzhen, China +1",,,speedyapply_intl,https://apply.workable.com/wati-dot-i-o/j/0204FB844E/
2026-07-20T14:31:39Z,C,"Mercari, inc.",Build Internship Plus - Software Engineer - Internship - Mercari,"Minato City, Japan",,,speedyapply_intl,https://apply.workable.com/mercari/j/17306932F5/
2026-07-20T14:31:39Z,C,Rapsodo,R&D Intern - Software Engineering,"Singapore, Singapore",,,speedyapply_intl,https://apply.workable.com/rapsodo/j/49985E097A/
2026-07-20T14:31:39Z,C,WATI.io,Software Engineer Intern,"Shenzhen, China +1",,,speedyapply_intl,https://apply.workable.com/wati-dot-i-o/j/F08DC5D5A4/
2026-07-20T14:31:39Z,C,WATI.io,Software Engineer Intern,"Shenzhen, China",,,speedyapply_intl,https://apply.workable.com/wati-dot-i-o/j/370711315A/
2026-07-20T18:18:51Z,C,Chicago Trading Company,Software Engineering Internship - Summer 2027,"Chicago, Illinois, United States",Summer 2027,unknown,zshah101,https://job-boards.greenhouse.io/ctccampusboard/jobs/4708230005
2026-07-20T18:18:51Z,C,Acds,AI Operations Intern-Caddell Reynolds,"Fort Smith, AR",Summer 2027,unknown,zshah101,https://jobs.lever.co/acds/01fdf41b-a835-4e00-8d01-0275677a8f08
2026-07-20T21:21:37Z,C,Nokia,AI R&D Engineer Co-op,United States,Summer 2027,unknown,zshah101,https://fa-evmr-saasfaprod1.fa.ocs.oraclecloud.com/hcmUI/CandidateExperience/en/sites/CX_1/job/38783
2026-07-20T21:21:37Z,B,Western Digital,Summer 2027 - Software Engineering Internship,"San Jose, CA, United States",Summer 2027,unknown,zshah101,https://jobs.smartrecruiters.com/WesternDigital/744000138727213
2026-07-20T21:21:37Z,B,Altera Corporation,AI Software Development Engineer - Intern,"San Jose, California, United States",Summer 2027,unknown,zshah101,https://altera.wd1.myworkdayjobs.com/altera/job/San-Jose-California-United-States/AI-Software-Development-Engineer---Intern_R02707
2026-07-20T21:21:37Z,C,AVEVA,Software Developer Intern- Drexel Co-op US,"Philadelphia, Pennsylvania, United States of America",Summer 2027,unknown,zshah101,https://aveva.wd3.myworkdayjobs.com/AVEVA_careers/job/Philadelphia-Pennsylvania-United-States-of-America/Software-Developer-Intern--Drexel-Co-op-US_R014478
2026-07-21T04:28:56Z,C,Axon,2027 US Software Engineering Internship,"Seattle, Washington, United States",Summer 2027,unknown,zshah101,https://job-boards.greenhouse.io/axontalentcommunity/jobs/7800617003
2026-07-21T04:28:56Z,C,Axon,2027 US Firmware Engineering Internship,"Seattle, Washington, United States",Summer 2027,unknown,zshah101,https://job-boards.greenhouse.io/axontalentcommunity/jobs/7800628003
2026-07-21T14:55:30Z,C,Susquehanna,"Quantitative Systematic Trading Intern (PhD, Summer 2027)","New York, NY",,,sndsh404,https://careers.sig.com/jobs/10822
2026-07-21T14:55:30Z,B,Susquehanna,"Quantitative Systematic Trading Intern (Master's, Summer 2027)","New York, NY",,,sndsh404,https://careers.sig.com/jobs/10823
2026-07-21T14:55:30Z,A,Google,"Software Engineering Intern, BS (Summer 2027)","Mountain View, CA (multiple US)",,,sndsh404,https://www.google.com/about/careers/applications/jobs/results/85564713261245126-software-engineering-intern/
2026-07-21T14:55:30Z,B,Uber,"Software Engineering Intern (Summer 2027, Uber Career Prep)","San Francisco, CA / Seattle, WA / Sunnyvale, CA",,,sndsh404,https://jobs.uber.com/en/jobs/300697/
2026-07-21T14:55:30Z,B,Western Digital,Software Engineering Intern (Summer 2027),"San Jose, CA",,,sndsh404,https://jobs.smartrecruiters.com/WesternDigital/744000138727213-summer-2027-software-engineering-internship
2026-07-21T14:55:30Z,C,Chicago Trading Company,Quant Trading Intern (Summer 2027),"Chicago, IL",,,sndsh404,https://job-boards.greenhouse.io/ctccampusboard/jobs/4708188005
2026-07-21T14:55:30Z,B,Kearney & Company,IT Audit Intern (Summer 2027) 🇺🇸,"Alexandria, VA (remote)",,,sndsh404,https://careers.kearneyco.com/jobs/5168
2026-07-21T14:55:30Z,C,Second Order Effects,Electrical Engineering Intern (Summer 2027),"El Segundo, CA / Redmond, WA",,,sndsh404,https://jobs.gem.com/soeffects/am9icG9zdDqLIuZagE8SU-HqhGf7TGYo
2026-07-21T14:55:30Z,B,Tower Research Capital,Quantitative Trader Intern,"New York, NY / Chicago, IL",,,sndsh404,https://job-boards.greenhouse.io/towerresearchcapital/jobs/8024128
2026-07-21T14:55:30Z,B,Tower Research Capital,Quantitative Developer Intern,"New York, NY / Chicago, IL",,,sndsh404,https://job-boards.greenhouse.io/towerresearchcapital/jobs/8044334
2026-07-21T14:55:30Z,B,Cubist Systematic Strategies,Quantitative Developer Intern,"New York, NY",,,sndsh404,https://job-boards.greenhouse.io/point72/jobs/7297613002
2026-07-21T14:55:30Z,A,Google,Software Engineering Intern - MS - Summer 2027,"Mountain View, CA +29",,,speedyapply,https://www.google.com/about/careers/applications/jobs/results/95141459539174086
2026-07-21T14:55:30Z,A,Google,Software Engineering Intern - BS - Summer 2027,"Mountain View, CA +29",,,speedyapply,https://www.google.com/about/careers/applications/jobs/results/85564713261245126
2026-07-21T14:55:30Z,B,Google,Software Developer Intern - BS - Summer 2027,"Waterloo, Canada +2",,,speedyapply_intl,https://www.google.com/about/careers/applications/jobs/results/76982475250639558
2026-07-21T14:55:30Z,B,Google,Software Developer Intern - MS - Summer 2027,"Waterloo, Canada +2",,,speedyapply_intl,https://www.google.com/about/careers/applications/jobs/results/95423484271698630
2026-07-21T14:55:30Z,B,Microsoft,Software Engineer: Internship Opportunities - Ignite Program for People with Disabilities,"Cairo, Egypt",,,speedyapply_intl,https://apply.careers.microsoft.com/careers/job/1970393556866895
2026-07-21T14:55:30Z,C,GeoComply,Software Engineer Intern - Fullstack,"Ho Chi Minh City, Vietnam",,,speedyapply_intl,https://jobs.lever.co/geocomply-2/4bc3f323-73e1-4338-943c-33653b305e26
2026-07-21T14:55:30Z,C,GeoComply,Software Engineer Intern - iOS,"Ho Chi Minh City, Vietnam",,,speedyapply_intl,https://jobs.lever.co/geocomply-2/cf5da87d-9758-466f-98b2-21973dad37d7
2026-07-21T14:55:30Z,C,OPSWAT,Software Engineer Intern,"Ho Chi Minh City, Vietnam",,,speedyapply_intl,https://www.opswat.com/jobs/4623189005?gh_jid=4623189005
2026-07-21T16:16:47Z,B,Virtu Financial,Internship - Software Engineer,"Austin, TX; New York",Summer 2027,unknown,zshah101,https://job-boards.greenhouse.io/virtu/jobs/8624410002
2026-07-22T01:05:08Z,C,Centific,Tech Intern - Responsible AI,"Redmond, Washington",Summer 2027,unknown,zshah101,https://centific.wd1.myworkdayjobs.com/Centific_Global/job/Redmond-Washington/Tech-Intern---Responsible-AI_JR107893-1
2026-07-22T11:41:46Z,B,Quadrillion,Software Engineering Intern,New York City,Summer 2027,unknown,zshah101,https://jobs.ashbyhq.com/quadrillion-labs/601e105d-2f0f-4482-9bae-3a825a1b97fd
2026-07-22T11:41:46Z,C,Veeda AI,Internship - Veeda AI Scientist,California,Summer 2027,unknown,zshah101,https://jobs.ashbyhq.com/veeda-labs/58cc42fb-1d6f-4e5f-860d-3b97bdccc6f4
2026-07-22T11:41:46Z,B,HireVue,Data Science Intern | Fully Remote US,"Sandy, UT, United States (Remote)",Summer 2027,unknown,zshah101,https://jobs.smartrecruiters.com/HireVue/744000138728139
2026-07-22T15:15:41Z,C,Acds,AI Software Engineer Intern- Bastazo,"Bentonville, AR",Summer 2027,unknown,zshah101,https://jobs.lever.co/acds/65b739c3-02ad-4814-ad24-24abecbc83f4
2026-07-22T15:15:41Z,B,SS&C,Healthcare AI & Automation Intern,"Remote - Florida, US",Summer 2027,unknown,zshah101,https://ssctech.wd1.myworkdayjobs.com/ssctechnologies/job/Remote---Florida-US/Healthcare-AI---Automation-Intern_R45126
2026-07-22T15:15:41Z,C,NVIDIA,PhD Research Intern - System Software and I/O Architecture - Fall 2026,"Remote - Santa Clara, CA +2",,,speedyapply,https://nvidia.wd5.myworkdayjobs.com/en-US/nvidiaexternalcareersite/job/US-CA-Santa-Clara/PhD-Research-Intern--System-Software-and-I-O-Architecture---Fall-2026_JR2019667
2026-07-22T15:15:41Z,B,Rivian,Android Developer Intern - Fall 2026,"Palo Alto, CA",,,speedyapply,https://jobs.ashbyhq.com/rivianvw.tech/5633bb03-cc16-47fc-af02-db9dc355eddd
2026-07-22T15:15:41Z,A,TikTok,AI software Engineer Project Intern - Transaction Platform - 2026 Start - BS/MS,"San Jose, CA",,,speedyapply,https://lifeattiktok.com/search/7646621925436131637
2026-07-22T15:15:41Z,C,Apple,Software PhD Internships,USA,,,speedyapply,https://jobs.apple.com/en-us/details/200664323-3810
2026-07-22T15:15:41Z,C,NVIDIA,PhD Software Engineering Intern - Decision Intelligence - Fall 2026,"Santa Clara, CA",,,speedyapply,https://nvidia.wd5.myworkdayjobs.com/en-US/nvidiaexternalcareersite/job/US-CA-Santa-Clara/PhD-Software-Engineering-Intern--Decision-Intelligence---Fall-2026_JR2017522
2026-07-22T15:15:41Z,C,Meta,Research Scientist Intern - Embedded Contextual AI on Wearables - PhD,"Sunnyvale, CA +1",,,speedyapply,https://www.metacareers.com/jobs/2160167211413098
2026-07-22T15:15:41Z,A,TikTok,Software Engineer Project Intern - Content AI Infrastructure - 2026 Start - BS/MS,"San Jose, CA",,,speedyapply,https://lifeattiktok.com/search/7621299118434961669
2026-07-22T15:15:41Z,B,D. E. Shaw & Co.,Quantitative Analyst and Software Developer Intern - Summer 2027,"New York City, NY",,,speedyapply,https://www.deshaw.com/careers/5906
2026-07-22T15:15:41Z,C,D. E. Shaw & Co.,Software Developer - Ph.D. Intern - New York - Summer 2027,"New York City, NY",,,speedyapply,https://www.deshaw.com/careers/5893
2026-07-22T15:15:41Z,B,Bild AI,AI/SWE Intern,"San Francisco, CA",,,speedyapply,https://jobs.ashbyhq.com/bild-ai/b333f0f7-0ca6-4509-8697-9303396b5364
2026-07-22T15:15:41Z,B,Gritt Robotics,ML & Cloud Infrastructure Engineer Intern,"South San Francisco, CA",,,speedyapply,https://jobs.ashbyhq.com/gritt/46af6e69-40fc-4e53-940e-a99757137523
2026-07-22T15:15:41Z,C,Formlabs,AI Software Intern - Fall 2026,"Somerville, MA",,,speedyapply,https://careers.formlabs.com/job/8067641/apply/?gh_jid=8067641
2026-07-22T15:15:41Z,C,Intel,AI Software Engineering Intern,"Hillsboro, OR +1",,,speedyapply,https://intel.wd1.myworkdayjobs.com/en-US/external/job/US-Oregon-Hillsboro/AI-Software-Engineering-Intern_JR0282639
2026-07-22T15:15:41Z,C,Intel,AI Software Engineering Intern,"Phoenix, AZ",,,speedyapply,https://intel.wd1.myworkdayjobs.com/en-US/external/job/US-Arizona-Phoenix/AI-Software-Engineering-Intern_JR0282641
2026-07-22T15:15:41Z,C,ING,Graduate Internship - NFR AI Agent Developer,"Waco, TX +1",,,speedyapply,https://ing.wd3.myworkdayjobs.com/en-US/icsgblcor/job/ACT-Amsterdam---Acanthus/Graduate-Internship---NFR-AI-Agent-Developer-1_REQ-10117758
2026-07-22T15:15:41Z,C,Manhattan Associates,A.I. Developer Co-Op - Boston - MA,USA,,,speedyapply,https://manh.wd5.myworkdayjobs.com/en-US/campus/job/US---Home-Office/AI-Developer-Co-Op--Boston--MA-_16931
2026-07-22T15:15:41Z,C,Copart,DevOps Engineering Intern,"Dallas, TX",,,speedyapply,https://copart.wd12.myworkdayjobs.com/en-US/copart/job/Dallas-TX---Headquarters/DevOps-Engineering-Intern_JR109490
2026-07-22T15:15:41Z,B,Blackstar Computers,Embedded Systems Engineering Intern - Summer 2026,"San Francisco, CA",,,speedyapply,https://jobs.ashbyhq.com/blackstar/2599ef82-3105-4a12-a1d6-63b9f6ed567a
2026-07-22T15:15:41Z,B,Eulerity,Website Developer & Content Marketing Intern - AI & Automation,"New York City, NY",,,speedyapply,https://job-boards.greenhouse.io/eulerity/jobs/4694300006
2026-07-22T15:15:41Z,B,Halo Industries,Software Engineer Intern - Machine Learning Workflow,"Santa Clara, CA",,,speedyapply,https://apply.workable.com/halo-industries/j/29728B1DAF/
2026-07-22T15:15:41Z,C,Cirrus Logic,Fall 2026 Co-Op - Embedded Software AI Intern,"Austin, TX",,,speedyapply,https://jobs.eu.lever.co/cirrus/3d6df577-91f6-4b58-9e7f-c982e49ff515
2026-07-22T15:15:41Z,C,Agilent,Intern - R&D Software Engineering - AI & Test Automation,"Wilmington, DE",,,speedyapply,https://agilent.wd5.myworkdayjobs.com/en-US/agilent_student_careers/job/US-DE-Wilmington/Intern---R-D-Software-Engineering--AI---Test-Automation-_4038437
2026-07-22T15:15:41Z,B,Bosch,Hardware & Embedded Research Intern - Fall 2026,"Sunnyvale, CA",,,speedyapply,https://jobs.smartrecruiters.com/BoschGroup/744000131150005-hardware-embedded-research-intern-fall-2026-?oga=true
2026-07-22T15:15:41Z,B,GE Aerospace,Embedded Systems Engineer Co-op - Bohemia - NY - Spring 2027,"Bohemia, NY",,,speedyapply,https://geaerospace.wd5.myworkdayjobs.com/en-US/ge_externalsite/job/Bohemia/Embedded-Systems-Engineer-Co-op--Bohemia--NY----Spring-2027_R5035583-1
2026-07-22T15:15:41Z,C,Base Power Company,Quantitative Developer Intern,"Austin, TX",,,speedyapply,https://jobs.ashbyhq.com/base-power/b6b2332e-1226-4575-b2c9-9e5258f2540e
2026-07-22T15:15:41Z,C,Stevens Capital Management,Developer Internship,"Radnor, PA",,,speedyapply,https://job-boards.greenhouse.io/scm/jobs/721888
2026-07-22T15:15:41Z,C,Reply,iOS Developer Intern,"Detroit, MI",,,speedyapply,https://jobs.lever.co/reply/191d1794-e52a-4573-a2d0-2952b76f9cd5
2026-07-22T15:15:41Z,C,Reply,Android Developer Intern,"Detroit, MI",,,speedyapply,https://jobs.lever.co/reply/0fb458db-7cb9-4bfd-b9b6-c1c681316061
2026-07-22T15:15:41Z,B,Terranova,Embedded Systems Intern,"Berkeley, CA",,,speedyapply,https://jobs.ashbyhq.com/terranova/8fdce1f7-a1df-4e64-8f10-c78771a399da
2026-07-22T15:15:41Z,B,Blockhouse,Rust Developer Intern - Summer 2026,"New York City, NY",,,speedyapply,https://jobs.ashbyhq.com/blockhouse/42a3066f-683c-4b32-b097-5047e89dd12c
2026-07-22T15:15:41Z,C,Neuralink,Electrical Engineer Intern - Implant Embedded Systems,"Austin, TX +1",,,speedyapply,https://boards.greenhouse.io/neuralink/jobs/7702527003?gh_jid=7702527003
2026-07-22T15:15:41Z,B,Eulerity,Android Developer Intern,"New York City, NY",,,speedyapply,https://job-boards.greenhouse.io/eulerity/jobs/4671031006
2026-07-22T15:15:41Z,B,Eulerity,Mobile iOS Developer Intern,"New York City, NY",,,speedyapply,https://job-boards.greenhouse.io/eulerity/jobs/4671025006
2026-07-22T15:15:41Z,B,Human Computer Lab,Intern - Software/ML Engineering,"San Francisco, CA +1",,,speedyapply,https://jobs.ashbyhq.com/human-computer-lab/7d13ae27-1f02-4d9b-8d39-e3d9d67df705
2026-07-22T15:15:41Z,C,Odys Aviation,Robotics & Embedded Systems Intern,"Long Beach, CA",,,speedyapply,https://jobs.ashbyhq.com/odys-aviation/d15b1f56-d160-403e-8d12-90f531eb490f
2026-07-22T15:15:41Z,B,TikTok,Site Reliability Engineer Intern - Technical Infrastructure - 2027 Start - BS/MS,"Sydney, Australia",,,speedyapply_intl,https://lifeattiktok.com/search/7658162714448054581
2026-07-22T15:15:41Z,B,TikTok,Site Reliability Engineer Intern - Video & Edge Global Engineering - 2026 Start - BS/MS,"Sydney, Australia",,,speedyapply_intl,https://lifeattiktok.com/search/7658171807993170181
2026-07-22T15:15:41Z,B,TikTok,Site Reliability Engineer Intern - Video & Edge Global Engineering - 2027 Start - BS/MS,"Sydney, Australia",,,speedyapply_intl,https://lifeattiktok.com/search/7626192517295556869
2026-07-22T15:15:41Z,C,Citadel,Site Reliability Engineer - Intern - Asia,Singapore,,,speedyapply_intl,https://www.citadel.com/careers/details/site-reliability-engineer-intern-asia/
2026-07-22T15:15:41Z,C,Harman,Intern - Android Application Develop,,,,speedyapply_intl,https://harman.wd3.myworkdayjobs.com/en-US/harman/job/CN_Shanghai_12F--15F-No-9233-Humin-Road/Intern--Android-Application-Develop_R-54648-2026
2026-07-22T15:15:41Z,C,Marina Bay Sands,Intern - Developer - Middleware,Singapore,,,speedyapply_intl,https://marinabaysands.wd102.myworkdayjobs.com/en-US/external/job/Perennial-Business-City-Singapore/Intern--Developer--Middleware-_JR10007967
2026-07-22T15:15:41Z,C,Marina Bay Sands,Intern - Developer A.I,Singapore,,,speedyapply_intl,https://marinabaysands.wd102.myworkdayjobs.com/en-US/external/job/Perennial-Business-City-Singapore/Intern--Developer-AI_JR10007970
2026-07-22T15:15:41Z,C,Marina Bay Sands,Intern - Developer .NET,Singapore,,,speedyapply_intl,https://marinabaysands.wd102.myworkdayjobs.com/en-US/external/job/Perennial-Business-City-Singapore/Intern--Developer-NET_JR10007965
2026-07-22T15:15:41Z,C,PwC,DevOps Engineer - Intern - Specialist,"Bengaluru, India",,,speedyapply_intl,https://pwc.wd3.myworkdayjobs.com/en-US/crm_experienced_careers_site/job/Bangalore/DevOps-Engineer---Intern--Specialist_741800WD
2026-07-22T15:15:41Z,B,Revvity,Full-Stack AI Developer Intern,"Remote - Cidade Ademar, Brazil",,,speedyapply_intl,https://revvity.wd103.myworkdayjobs.com/en-US/external/job/CAD-Remote--ON/Full-Stack-AI-Developer-Intern_JR-044905
2026-07-22T15:15:41Z,C,TMX,Student Intern - DevOps - Fall Term,"Montréal, Canada",,,speedyapply_intl,https://tmx.wd3.myworkdayjobs.com/en-US/tmx_careers/job/Montreal---1190-av-des-Canadiens-de-Montreal/Student-Intern--DevOps--Fall-Term-_R-6097
2026-07-22T15:15:41Z,C,Bosch,AI Software Engineer - Internship - f/m/div.,"Lisbon, Portugal",,,speedyapply_intl,https://jobs.smartrecruiters.com/BoschGroup/744000137633884-ai-software-engineer-internship-f-m-div-?oga=true
2026-07-22T15:15:41Z,C,Bosch,Internship in Web Developer,Malaysia,,,speedyapply_intl,https://jobs.smartrecruiters.com/BoschGroup/744000137359929-internship-in-web-developer-?oga=true
2026-07-22T15:15:41Z,C,Bosch,EPM DevOps Intern,"Tân Bình, Vietnam",,,speedyapply_intl,https://jobs.smartrecruiters.com/BoschGroup/744000137377966--epm-devops-intern?oga=true
2026-07-22T15:15:41Z,C,DRW,Quantitative Developer Intern - Python,Singapore,,,speedyapply_intl,https://job-boards.greenhouse.io/drweng/jobs/7981754
2026-07-22T15:15:41Z,C,Viridien,AI/ML Ops and Software Engineering Intern,"Singapore, Singapore",,,speedyapply_intl,https://cgg.wd103.myworkdayjobs.com/en-US/viridiencareers/job/Singapore-Singapore/Software-Engineering-Intern-1_JR101323-2
2026-07-22T15:15:41Z,C,Intel,AI Software Engineering Intern,"Gdańsk, Poland",,,speedyapply_intl,https://intel.wd1.myworkdayjobs.com/en-US/external/job/Poland-Gdansk/AI-Software-Engineering-Intern_JR0285471
2026-07-22T15:15:41Z,C,Tecsys,Intern - DevOps - Fall 2026,"Montréal, Canada",,,speedyapply_intl,https://apply.workable.com/tecsys/j/0753D97DA9/
2026-07-22T15:15:41Z,C,Barclays,2027 Technology Developer Summer Internship Programme Singapore,Singapore,,,speedyapply_intl,https://barclays.wd3.myworkdayjobs.com/en-US/external_career_site_barclays/job/Singapore-Marina-Bay-Financial-Tower-2/XMLNAME-2027-Technology-Developer-Summer-Internship-Programme-Singapore_JR-0000121763
2026-07-22T15:15:41Z,C,Signify,AI/ML Software Development Intern - Agentic System,"Shanghai, China",,,speedyapply_intl,https://lighting.wd3.myworkdayjobs.com/en-US/jobs-and-careers/job/Shanghai/AI-ML-Software-Development-Intern---Agentic-System_365440
2026-07-22T15:15:41Z,C,Susquehanna International Group,Quantitative Strategy Developer Internship: Summer 2027,,,,speedyapply_intl,https://careers-sig.icims.com/jobs/11170/quantitative-strategy-developer-internship%3a-summer-2027/job
2026-07-22T15:15:41Z,C,Airbus,Intern - d/f/m in AI driven software development,"Manching, Germany",,,speedyapply_intl,https://ag.wd3.myworkdayjobs.com/en-US/airbus/job/Manching/Intern--d-f-m--in-AI-driven-software-development_JR10423176
2026-07-22T15:15:41Z,C,Epicor,Product Developer Intern,"Monterrey, Mexico",,,speedyapply_intl,https://epicorsoftware.wd5.myworkdayjobs.com/en-US/epicorjobs/job/Mexico-Monterrey/Product-Developer-Intern_JR104871
2026-07-22T15:15:41Z,C,Epicor,QA Developer Intern,"Monterrey, Mexico",,,speedyapply_intl,https://epicorsoftware.wd5.myworkdayjobs.com/en-US/epicorjobs/job/Mexico-Monterrey/QA-Developer-Intern_JR104870-1
2026-07-22T15:15:41Z,C,Epicor,Product Developer Intern,"Monterrey, Mexico",,,speedyapply_intl,https://epicorsoftware.wd5.myworkdayjobs.com/en-US/epicorjobs/job/Mexico-Monterrey/Product-Developer-Intern_JR104869
2026-07-22T15:15:41Z,C,OPSWAT,Agentic AI Software Engineer Intern,"Ho Chi Minh City, Vietnam",,,speedyapply_intl,https://www.opswat.com/jobs/4709694005?gh_jid=4709694005
2026-07-22T15:15:41Z,C,Rabobank,Graduation Internship - AI & Copilot in Software Development,"Utrecht, The Netherlands",,,speedyapply_intl,https://rabobank.wd3.myworkdayjobs.com/en-US/jobs/job/Utrecht-Leidseveer-50/Graduation-Internship---AI---Copilot-in-Software-Development_JR_00142837
2026-07-22T15:15:41Z,C,Intel,Software Development Intern - Automation and AI Enablement,"Guadalajara, Mexico",,,speedyapply_intl,https://intel.wd1.myworkdayjobs.com/en-US/external/job/Mexico-Guadalajara/Software-Development-Intern--Automation-and-AI-Enablement-_JR0285207
2026-07-22T15:15:41Z,C,ING,AI Agent Developer Intern-1,"Amsterdam, The Netherlands",,,speedyapply_intl,https://ing.wd3.myworkdayjobs.com/en-US/icsgblcor/job/CDR-Amsterdam---Cedar/AI-Agent-Developer-Intern-1_REQ-10117342
2026-07-22T15:15:41Z,C,Showpad,iOS Engineering Intern - Mobile Platform,"Bucharest, Romania",,,speedyapply_intl,https://job-boards.greenhouse.io/showpad/jobs/8030232
2026-07-22T15:15:41Z,C,ASML,Computer Science - Software Engineering Internship: Web Platform Ownership & Continuity,"Veldhoven, The Netherlands",,,speedyapply_intl,https://asml.wd3.myworkdayjobs.com/en-US/asmlext1/job/Veldhoven-Netherlands/Computer-Science---Software-Engineering-Internship--Web-Platform-Ownership---Continuity_J-00343348
2026-07-22T15:15:41Z,C,Esri,R&D Internship - Developer Technology,,,,speedyapply_intl,https://www.esri.com/careers/5170529007?gh_jid=5170529007
2026-07-22T15:15:41Z,C,Epicor,QA Developer Intern,"Monterrey, Mexico",,,speedyapply_intl,https://epicorsoftware.wd5.myworkdayjobs.com/en-US/epicorjobs/job/Mexico-Monterrey/QA-Developer-Intern_JR104861
2026-07-22T15:15:41Z,C,Manex AI,AI Software Engineer - Internship - f/m/d,"Munich, Germany",,,speedyapply_intl,https://jobs.ashbyhq.com/manex/ba2e6b81-606f-4176-9919-2ee0157a8475
2026-07-22T15:15:41Z,C,Chegg,Intern - AI-Native Software Engineering,"Delhi, India",,,speedyapply_intl,https://osv-chegg.wd5.myworkdayjobs.com/en-US/chegg/job/Jasola-New-Delhi/Intern---AI-Native-Software-Engineering_R5339
2026-07-22T15:15:41Z,C,ASML,Vocational - MBO Software engineering - computer science internship: Alignment Diagnostic Tool,"Veldhoven, The Netherlands",,,speedyapply_intl,https://asml.wd3.myworkdayjobs.com/en-US/asmlext1/job/Veldhoven-Netherlands/Software-engineering---computer-science-internship--Alignment-Diagnostic-Tool_J-00337268-1
2026-07-22T15:15:41Z,C,akqa,Developer Intern - AI,"Amsterdam, The Netherlands",,,speedyapply_intl,https://www.akqa.com/jobs/8007317/?gh_jid=8007317
2026-07-22T15:15:41Z,C,Trend Micro,Grid DevOps Interns,"Manila, Philippines",,,speedyapply_intl,https://trendmicro.wd3.myworkdayjobs.com/en-US/external/job/Manila/Grid-DevOps-Interns_R0009813
2026-07-22T15:15:41Z,C,Harris Computer,Remote Co-Op Student Developer,"British Columbia, Canada +2",,,speedyapply_intl,https://harriscomputer.wd3.myworkdayjobs.com/en-US/1/job/British-Columbia-Canada/XMLNAME--Remote--Co-Op-Student-Developer_R0044310-2
2026-07-22T15:15:41Z,C,Axway,Software Engineering Intern — AI Developer Tools,,,,speedyapply_intl,https://careers-axway.icims.com/jobs/8751/intern/job
2026-07-22T15:15:41Z,B,Autodesk,Intern - Machine Learning Developer,"Toronto, Canada",,,speedyapply_intl,https://autodesk.wd1.myworkdayjobs.com/en-US/ext/job/Toronto-ON-CAN/Intern--Machine-Learning-Developer_25WD92311-2
2026-07-22T15:15:41Z,C,ING,Graduate Internship - NFR AI Agent Developer,"Amsterdam, The Netherlands",,,speedyapply_intl,https://ing.wd3.myworkdayjobs.com/en-US/icsgblcor/job/CDR-Amsterdam---Cedar/Graduate-Internship---NFR-AI-Agent-Developer_REQ-10116402
2026-07-22T15:15:41Z,C,Tencent,Game Site Reliability Engineer Intern - Malaysia,,,,speedyapply_intl,https://tencent.wd1.myworkdayjobs.com/en-US/tencent_careers/job/Malaysia-Kuala-Lumpur/Game-Site-Reliability-Engineer-Intern--Malaysia-_R107623
2026-07-22T15:15:41Z,B,Rakuten Kobo,Dev Ops Engineer - 12-month Co-op,"Toronto, Canada",,,speedyapply_intl,https://rakuten.wd1.myworkdayjobs.com/en-US/kobo/job/Toronto-Canada/Dev-Ops-Engineer--12-month-Co-op-_1033844
2026-07-22T15:15:41Z,C,Signify,Embedded Systems Intern - MSc Graduation Project,"Eindhoven, The Netherlands",,,speedyapply_intl,https://lighting.wd3.myworkdayjobs.com/en-US/jobs-and-careers/job/Eindhoven/Embedded-Systems-Intern---MSc-Graduation-Project_364562
2026-07-22T15:15:41Z,C,Ciena,QA Automation Developer Intern - Fall 2026 - 8 months,"Ottawa, Canada",,,speedyapply_intl,https://ciena.wd5.myworkdayjobs.com/en-US/careers/job/Ottawa/QA-Automation-Developer-Intern--Fall-2026---8-months-_R030980
2026-07-22T15:15:41Z,C,Marvell,Embedded System Intern for Pre-Silicon Validation,"Córdoba, Argentina",,,speedyapply_intl,https://marvell.wd1.myworkdayjobs.com/en-US/marvellcareers/job/Cordoba-Argentina/Embedded-System-Intern-for-Pre-Silicon-Validation_2502765-1
2026-07-22T15:15:41Z,C,Patsnap,Full Stack Intern - AI & Web Development,Singapore,,,speedyapply_intl,https://jobs.lever.co/patsnap/968e70fb-dd6b-4452-8d4d-ec2a7e482207
2026-07-22T15:15:41Z,C,Weaviate,Developer Advocate Intern,,,,speedyapply_intl,https://jobs.ashbyhq.com/weaviate/0d1c47c4-bc5b-45d8-8791-8f30f0fb2a12
2026-07-22T15:15:41Z,C,Susquehanna International Group,Quantitative Strategy Developer Internship: Summer 2027,,,,speedyapply_intl,https://careers-sig.icims.com/jobs/10838/quantitative-strategy-developer-internship%3a-summer-2027/job
2026-07-22T15:15:41Z,C,HP,Software Security Research Intern,"Bristol, United Kingdom",,,speedyapply_intl,https://hp.wd5.myworkdayjobs.com/en-US/externalcareersite/job/Bristol-Bristol-City-of-United-Kingdom/Software-Security-Research-Intern_UNI3785-1
2026-07-22T15:15:41Z,C,HP,Software Security Research Intern,"Bristol, United Kingdom",,,speedyapply_intl,https://hp.wd5.myworkdayjobs.com/en-US/exteu-ac-careersite/job/Bristol-Bristol-City-of-United-Kingdom/Software-Security-Research-Intern_UNI3785
2026-07-22T16:54:06Z,C,Carnegie Mellon University,Research Intern - School of Computer Science - LTI,"Pittsburgh, PA",Summer 2027,unknown,zshah101,https://cmu.wd5.myworkdayjobs.com/cmu/job/Pittsburgh-PA/Research-Intern---School-of-Computer-Science---LTI_2024870
2026-07-22T19:40:54Z,B,Moog,"Intern, Software Engineering","Buffalo, NY",Summer 2027,unknown,zshah101,https://moog.wd5.myworkdayjobs.com/moog_external_career_site/job/Buffalo-NY/Intern--Software-Engineering_R-26-18885-1
2026-07-22T21:44:41Z,B,Pony Dot Ai,Research Intern - Deep Learning,"Fremont, California, United States",Summer 2027,unknown,zshah101,https://apply.workable.com/pony-dot-ai/j/4C1F53EF5D/
2026-07-22T23:39:46Z,B,Hewlett Packard (HP),"Software Engineering Intern, Device Experiences","San Francisco, California, United States of America",Summer 2027,unknown,zshah101,https://hp.wd5.myworkdayjobs.com/ExternalCareerSite/job/San-Francisco-California-United-States-of-America/Software-Engineering-Intern--Device-Experiences_3164166-1
2026-07-22T23:39:46Z,B,SS&C,Healthcare AI & Automation Intern,"Remote - Florida, US",Summer 2027,unknown,zshah101,https://ssctech.wd1.myworkdayjobs.com/ssctechnologies/job/Remote---Florida-US/Healthcare-AI---Automation-Intern_R45126
2026-07-23T13:12:08Z,C,Sentara Health,Cyber Security Compliance Intern,"Virginia Beach, VA",Summer 2027,unknown,zshah101,https://sentara.wd1.myworkdayjobs.com/SCS/job/Virginia-Beach-VA/Cyber-Security-Compliance-Intern_JR-97927-1
2026-07-23T15:23:47Z,B,HP,Software Engineering Intern - Device Experiences,"San Francisco, CA",,,speedyapply,https://hp.wd5.myworkdayjobs.com/en-US/externalcareersite/job/San-Francisco-California-United-States-of-America/Software-Engineering-Intern--Device-Experiences_3164166-1
2026-07-23T15:23:47Z,B,HP,Software Engineering Intern - Device Experiences,"San Francisco, CA",,,speedyapply,https://hp.wd5.myworkdayjobs.com/en-US/exteu-ac-careersite/job/San-Francisco-California-United-States-of-America/Software-Engineering-Intern--Device-Experiences_3164166
2026-07-23T15:23:47Z,C,Mathtech,Web Application Developer Intern,"Falls Church, VA",,,speedyapply,https://workforcenow.adp.com/mascsr/default/mdf/recruitment/recruitment.html?cid=cf1a92f4-16eb-4267-86ca-bc956024f426&jobId=565843
2026-07-23T15:23:47Z,B,Moog,Intern - Software Engineering,"Buffalo, NY",,,speedyapply,https://moog.wd5.myworkdayjobs.com/en-US/moog_external_career_site/job/Buffalo-NY/Intern--Software-Engineering_R-26-18885-1
2026-07-23T15:23:47Z,C,Copart,Software Engineering Intern,"Dallas, TX",,,speedyapply,https://copart.wd12.myworkdayjobs.com/en-US/copart/job/Dallas-TX---Headquarters/Software-Engineering-Intern_JR110011
2026-07-23T15:23:47Z,C,SEL,Software Engineer Intern,"Boise, ID",,,speedyapply,https://selinc.wd1.myworkdayjobs.com/en-US/sel/job/Idaho---Boise/Software-Engineer-Intern_2026-22321
2026-07-23T15:23:47Z,C,Copart,Software Engineering Intern,"Dallas, TX",,,speedyapply,https://copart.wd12.myworkdayjobs.com/en-US/copart/job/Dallas-TX---Headquarters/Software-Engineering-Intern_JR110079
2026-07-23T15:23:47Z,C,GE HealthCare,Edison Engineering Development Program Intern - Software,"Waukesha, WI",,,speedyapply,https://gehc.wd5.myworkdayjobs.com/en-US/gehc_externalsite/job/Waukesha/Edison-Engineering-Development-Program-Intern---Software_R4043933-2
2026-07-23T15:23:47Z,C,HyperLight,Software Engineer Intern,"Cambridge, MA",,,speedyapply,https://apply.workable.com/hyperlight/j/5581EA0668/
2026-07-23T15:23:47Z,C,NXP Semiconductors,AI / Software Engineering Intern - Fall 2026,"Austin, TX",,,speedyapply,https://nxp.wd3.myworkdayjobs.com/en-US/careers/job/Austin-Oakhill-Office/AI---Software-Engineering-Intern---Fall-2026_R-10064807
2026-07-23T15:23:47Z,C,Salesforce,Summer 2027 Intern - Software Engineer,"Bengaluru, India",,,speedyapply_intl,https://salesforce.wd12.myworkdayjobs.com/en-US/external_career_site/job/India---Bangalore/Summer-2027-Intern---Software-Engineer_JR337715
2026-07-23T15:23:47Z,C,Jane Street,Software Engineer Summer Internship,Singapore,,,speedyapply_intl,https://www.janestreet.com/join-jane-street/position/8632392002
2026-07-23T15:23:47Z,C,Jane Street,Software Engineer Summer Internship,Hong Kong,,,speedyapply_intl,https://www.janestreet.com/join-jane-street/position/8617298002
2026-07-23T15:23:47Z,C,Ataccama,Frontend Engineer Intern - part-time,"Prague, Czechia",,,speedyapply_intl,https://jobs.lever.co/ataccama/60c2149d-da76-4df0-a5b1-68371afb6163
2026-07-23T15:23:47Z,B,Later,Software Development Co-op - Later Influence,"Vancouver, Canada",,,speedyapply_intl,https://job-boards.greenhouse.io/later/jobs/8643138002
2026-07-23T15:23:47Z,C,ASML,Software Testing Development Intern - Internship,"Shenzhen, China",,,speedyapply_intl,https://asml.wd3.myworkdayjobs.com/en-US/asmlext1/job/Shenzhen-China/Software-Testing-Development-Intern--Internship-_J-00347194
2026-07-23T15:23:47Z,C,Bosch,Hanoi - Embedded Intern,"Hanoi, Vietnam",,,speedyapply_intl,https://jobs.smartrecruiters.com/BoschGroup/744000139076169-hanoi-embedded-intern?oga=true
2026-07-23T15:23:47Z,C,Cloud Linux,C Developer Intern - worldwide - remote,"Warsaw, Poland +5",,,speedyapply_intl,https://apply.workable.com/cloudlinux-1/j/40DA3A987A/
2026-07-23T15:23:47Z,C,Devsinc,Software Engineering Intern - Backend & Full-Stack Development,"Lahore, Pakistan",,,speedyapply_intl,https://apply.workable.com/devsinc-17/j/F105CBEDDF/
2026-07-23T15:23:47Z,C,GE Aerospace,Intern - Software Full Stack,"Santiago de Querétaro, Mexico",,,speedyapply_intl,https://geaerospace.wd5.myworkdayjobs.com/en-US/ge_externalsite/job/Queretaro/Intern----Software-Full-Stack_R5037746-1
2026-07-23T15:23:47Z,C,ING,MBO - internship - Azure Devops CICD,"Amsterdam, The Netherlands",,,speedyapply_intl,https://ing.wd3.myworkdayjobs.com/en-US/icsgblcor/job/HBP-Amsterdam---Haarlerbergpark/MBO---internship---Azure-Devops-CICD_REQ-10118267
2026-07-23T15:23:47Z,C,KMS Technology,Full-stack Test Engineer Intern,"Ho Chi Minh City, Vietnam",,,speedyapply_intl,https://jobs.smartrecruiters.com/KMSTechnology1/744000139013669-full-stack-test-engineer-intern?oga=true
2026-07-23T15:23:47Z,C,NXP Semiconductors,Internship: Software Developer NFC/UWB System Verification - m/f/d,"Gratkorn, Austria",,,speedyapply_intl,https://nxp.wd3.myworkdayjobs.com/en-US/careers/job/Gratkorn/Internship--Software-Developer-NFC-UWB-System-Verification--m-f-d-_R-10064609
2026-07-23T15:23:47Z,C,Bosch,Internship in IT Solution Developer,"George Town, Malaysia",,,speedyapply_intl,https://jobs.smartrecruiters.com/BoschGroup/744000138777515-internship-in-it-solution-developer?oga=true
2026-07-23T15:23:47Z,C,Ciena,Routing/IP Software Developer Intern - 4-8 Months,"Ottawa, Canada",,,speedyapply_intl,https://ciena.wd5.myworkdayjobs.com/en-US/careers/job/Ottawa/Routing-IP-Software-Developer-Intern--4-8-Months-_R031326
2026-07-23T15:23:47Z,C,Ciena,Software Engineering Intern - 3-12 Months,"Edinburgh, United Kingdom",,,speedyapply_intl,https://ciena.wd5.myworkdayjobs.com/en-US/careers/job/UK--Edinburgh---19A-Canning-St/Software-Engineering-Intern--3-12-Months-_R031332
2026-07-23T15:23:47Z,C,Damen Shiprepair Harlingen,Internship: Solution Developer,"Gorinchem, The Netherlands",,,speedyapply_intl,https://damen.wd3.myworkdayjobs.com/en-US/damen_careers/job/Gorinchem/Internship--Solution-Developer_JR0018136
2026-07-23T15:23:47Z,C,Hitachi,Internship - R&D Software Development in QA,"Kraków, Poland",,,speedyapply_intl,https://hitachi.wd1.myworkdayjobs.com/en-US/hitachi/job/Krakow-Lesser-Poland-Poland/Internship---QA-Tester---R-D-Lab-Technician_R0112772-1
2026-07-23T15:23:47Z,C,Motorola Solutions,Software Engineer Intern,"George Town, Malaysia",,,speedyapply_intl,https://motorolasolutions.wd5.myworkdayjobs.com/en-US/careers/job/Penang-Malaysia/Software-Engineer-Intern_R66283
2026-07-23T15:23:47Z,C,Thales,Software Engineer Intern - AI,Singapore,,,speedyapply_intl,https://thales.wd3.myworkdayjobs.com/en-US/careers/job/SINGAPORE/Software-Engineer-Intern--AI-_R0335206
2026-07-23T15:23:47Z,C,Thales,Software Engineer Intern - Middleware - IBS,Singapore,,,speedyapply_intl,https://thales.wd3.myworkdayjobs.com/en-US/careers/job/Singapore/Software-Engineer-Intern---Middleware--IBS-_R0334782
2026-07-23T15:23:47Z,C,Valeo,AI Developer Internship,"Martos, Spain",,,speedyapply_intl,https://valeo.wd3.myworkdayjobs.com/en-US/valeo_jobs/job/Martos/AI-Developer-Internship_REQ2026078837
2026-07-23T15:23:47Z,C,Ciena,Software Engineer and Tools Developer Intern - Fall 2026,"Ottawa, Canada",,,speedyapply_intl,https://ciena.wd5.myworkdayjobs.com/en-US/careers/job/Ottawa/Software-Engineer-and-Tools-Developer-Intern--Fall-2026-_R028752
2026-07-23T15:23:47Z,C,Endava,Software Developer Intern - 5G,"Ho Chi Minh City, Vietnam",,,speedyapply_intl,https://jobs.smartrecruiters.com/Endava/744000138579460-software-developer-intern-5g-?oga=true
2026-07-23T15:23:47Z,C,NXP Semiconductors,Internship: Python Tooling & Embedded Systems - C - m/f/d,"Gratkorn, Austria",,,speedyapply_intl,https://nxp.wd3.myworkdayjobs.com/en-US/careers/job/Gratkorn/Internship--Software-Support-in-NFC-Customer-Application-Support-Team--m-f-d-_R-10063612
2026-07-23T15:23:47Z,C,Signify,Vision AI and Robotics Software Engineering Intern,"Eindhoven, The Netherlands",,,speedyapply_intl,https://lighting.wd3.myworkdayjobs.com/en-US/jobs-and-careers/job/Eindhoven/Vision-AI-and-Robotics-Software-Engineering-Intern_365266
2026-07-23T15:23:47Z,C,Virtu Financial,2027 Internship - Software Engineer,"Dublin, Ireland",,,speedyapply_intl,https://job-boards.greenhouse.io/virtu/jobs/8551566002
2026-07-23T15:23:47Z,C,HP,Cloud Engineering Intern,"Tlaquepaque, Mexico",,,speedyapply_intl,https://hp.wd5.myworkdayjobs.com/en-US/exteu-ac-careersite/job/Tlaquepaque-Jalisco-Mexico/Cloud-Engineering-Intern_3166173
2026-07-23T15:23:47Z,C,Solar Turbines,Artificial Intelligence & Software Development INTERN - Tijuana - MX,"Tijuana, Mexico",,,speedyapply_intl,https://cat.wd5.myworkdayjobs.com/en-US/solarturbines/job/Tijuana-Baja-California/Software-Development---AI-Intern_R0000374076
2026-07-23T15:23:47Z,C,Hitachi,Internship in Large-Scale Software Systems 80 - 100% - f/m/d,"Baden-Daettwil, Switzerland",,,speedyapply_intl,https://hitachi.wd1.myworkdayjobs.com/en-US/hitachi/job/Baden-Daettwil-Aargau-Switzerland/Internship-in-Variability-Visualization-Framework-for-Large-Scale-Graphical-Languages-80---100---f-m-d-_R0127487
2026-07-23T19:43:06Z,C,Appian,Software Engineering Intern,"McLean, Virginia",Summer 2027,no-sponsorship,zshah101,https://job-boards.greenhouse.io/appian/jobs/8041237
2026-07-23T19:43:06Z,B,Tenstorrent,"Software Engineering Intern, Power Modeling & AI Tools","Santa Clara, California, United States",Summer 2027,unknown,zshah101,https://job-boards.greenhouse.io/tenstorrentuniversity/jobs/5186916007
2026-07-23T22:37:30Z,B,Astranis,Software Engineer Intern - Enterprise Systems (Fall 2026),"San Francisco, CA",Fall 2026,citizens-only,zshah101,https://job-boards.greenhouse.io/astranis/jobs/4699071006
2026-07-24T07:08:45Z,B,Quadrillion,Software Engineering Intern (Summer 2027),New York City,Summer 2027,unknown,zshah101,https://jobs.ashbyhq.com/quadrillion-labs/a4acc44c-31ce-41a0-ab44-2500487b4d05
2026-07-24T09:31:30Z,A,Google,Software Engineering Intern,"Mountain View, CA / Atlanta, GA / Austin, TX / Boulder, CO / Cambridge, MA / Bellevue, WA / Chicago, IL / Houston, TX / Irvine, CA / Kirkland, WA / Los Angeles, CA / Madison, WI / New York, NY / Palo Alto, CA / Portland, OR / Pittsburgh, PA / Raleigh, NC / Durham, NC / Reston, VA / Redmond, WA / Redwood City, CA / San Diego, CA / Goleta, CA / San Bruno, CA / Seattle, WA / San Francisco, CA / San Jose, CA / Santa Cruz, CA / South San Francisco, CA / Sunnyvale, CA",Summer,Other,vanshb03,https://www.google.com/about/careers/applications/jobs/results/85564713261245126-software-engineering-intern-bs-summer-2027
2026-07-24T09:31:30Z,A,Tesla,Localization Specialist Intern,"Fremont, CA",Fall,Other,vanshb03,https://www.tesla.com/careers/search/job/internship-localization-specialist-it-applications-fall-2026-276308
2026-07-24T09:31:30Z,C,Akuna Capital,Hardware Engineer Intern,"Chicago, IL",Summer,U.S. Citizenship is Required,vanshb03,https://akunacapital.com/careers/job/8018880/?gh_jid=8018880
2026-07-24T09:31:30Z,B,Hudson River Trading,Intern,"New York, NY",Summer,Other,vanshb03,https://www.hudsonrivertrading.com/hrt-job/algorithm-development-quant-research-internship-summer-2027/?gh_src=
2026-07-24T09:31:30Z,B,ShyftLabs,AI Engineer Intern,"Toronto, Canada",Fall,Other,vanshb03,https://jobs.lever.co/shyftlabs/4f389ea7-9b98-4ed0-99c2-b25ea8cc2dcd
2026-07-24T09:31:30Z,B,SPREEAI,"Software Engineer Intern, AI Infrastructure / Training / Inference","San Francisco, CA",Fall,Offers Sponsorship,vanshb03,https://ats.rippling.com/en-GB/spreeai/jobs/d34aed29-7a11-4e37-b5bc-e9317f82f0b1
2026-07-24T09:31:30Z,B,SpreeAI,Mobile Software Engineer Intern,"San Francisco, CA",Fall,Other,vanshb03,https://ats.rippling.com/en-GB/spreeai/jobs/c52472cb-2671-45d7-b666-17196dc3df25
2026-07-24T09:31:30Z,C,Moon,"Software Engineer Intern, Backend & API","Glendale, CA",Fall,Other,vanshb03,https://ats.rippling.com/en-GB/moon/jobs/8b81bca7-1a64-4377-8ea8-869aac03080b
2026-07-24T09:31:30Z,C,NeoSigma,Member of Technical Staff Intern,"San Francisco, CA",Fall,Other,vanshb03,https://ats.rippling.com/en-GB/neosigma/jobs/a2ee1d26-a551-45d2-9854-6dbf8ed2c866
2026-07-24T09:31:30Z,C,Mobius Renewables,Software Engineer Intern,"Houston, TX",Fall,Does Not Offer Sponsorship,vanshb03,https://ats.rippling.com/en-GB/greengas/jobs/b2938290-cc66-4f54-9888-bbe286c1d9b6
2026-07-24T09:31:30Z,B,Phonely,Software Engineer Intern,"San Francisco, CA",Fall,Other,vanshb03,https://jobs.ashbyhq.com/phonely/c83696cb-ca3a-4a9d-9e87-bfcf4f79fef5?embed=true
2026-07-24T09:31:30Z,B,fab2,Software Engineering Intern,"San Francisco, CA",Fall,Offers Sponsorship,vanshb03,https://jobs.ashbyhq.com/fab2/947338ca-e135-4398-9aa3-79e131bc03d5?embed=true
2026-07-24T09:31:30Z,C,Copart,Software Engineering Intern,"Dallas, TX",Summer,Offers Sponsorship,vanshb03,https://copart.wd12.myworkdayjobs.com/copart/job/Dallas-TX---Headquarters/Software-Engineering-Intern_JR110011
2026-07-24T09:31:30Z,C,Radix Trading,"Quantitative Technologist Intern, C++","Chicago, IL",Summer,Offers Sponsorship,vanshb03,https://job-boards.greenhouse.io/radixuniversity/jobs/8500265002
2026-07-24T09:31:30Z,C,Schweitzer Engineering Laboratories,Software Engineer Intern,"Boise, ID",Summer,Other,vanshb03,https://selinc.wd1.myworkdayjobs.com/SEL/job/Idaho---Boise/Software-Engineer-Intern_2026-22321
2026-07-24T09:31:30Z,B,Netic,Forward Deployed Engineer Intern,"San Francisco, CA",Winter,Other,vanshb03,https://jobs.ashbyhq.com/netic/ffd6af1a-cebb-41f5-ac1d-e695adfd067c?embed=true
2026-07-24T09:31:30Z,B,Jane Street,Quantitative Trader Intern,"New York, NY",Summer,Offers Sponsorship,vanshb03,https://www.janestreet.com/join-jane-street/position/8617344002/
2026-07-24T09:31:30Z,B,Jane Street,Quantitative Researcher Intern,"New York, NY",Summer,Offers Sponsorship,vanshb03,https://www.janestreet.com/join-jane-street/position/8498547002/
2026-07-24T09:31:30Z,B,Jane Street,Machine Learning Engineer Intern,"New York, NY",Summer,Other,vanshb03,https://www.janestreet.com/join-jane-street/position/8611307002/
2026-07-24T09:31:30Z,B,Jane Street,Machine Learning Researcher Intern,"New York, NY",Summer,Offers Sponsorship,vanshb03,https://www.janestreet.com/join-jane-street/position/8384490002/
2026-07-24T09:31:30Z,B,Jane Street,Cybersecurity Analyst Intern,"New York, NY",Summer,Offers Sponsorship,vanshb03,https://www.janestreet.com/join-jane-street/position/8632723002/
2026-07-24T09:31:30Z,B,Jane Street,Data Engineer Intern,"New York, NY",Summer,Offers Sponsorship,vanshb03,https://www.janestreet.com/join-jane-street/position/8631973002/
2026-07-24T09:31:30Z,B,Jane Street,Fundamental Research Analyst Intern,"New York, NY",Summer,Other,vanshb03,https://www.janestreet.com/join-jane-street/position/8347286002/
2026-07-24T09:31:30Z,B,Jane Street,Hardware Engineer (FPGA/ASIC) Intern,"New York, NY",Summer,Other,vanshb03,https://www.janestreet.com/join-jane-street/position/8624440002/
2026-07-24T09:31:30Z,B,Jane Street,Linux Engineer Intern,"New York, NY",Summer,Other,vanshb03,https://www.janestreet.com/join-jane-street/position/8626260002/
2026-07-24T09:31:30Z,B,Jane Street,Network Engineer Intern,"New York, NY",Summer,Offers Sponsorship,vanshb03,https://www.janestreet.com/join-jane-street/position/8620793002/
2026-07-24T09:31:30Z,B,Jane Street,Sales and Trading Intern,"New York, NY",Summer,Offers Sponsorship,vanshb03,https://www.janestreet.com/join-jane-street/position/8347385002/
2026-07-24T09:31:30Z,B,Jane Street,Tools and Compilers Research and Development Intern,"New York, NY",Summer,Offers Sponsorship,vanshb03,https://www.janestreet.com/join-jane-street/position/5869205002/
2026-07-24T09:31:30Z,B,Jane Street,Trading Desk Operations Engineer Intern,"New York, NY",Summer,Other,vanshb03,https://www.janestreet.com/join-jane-street/position/8621450002/
2026-07-24T09:31:30Z,B,Jane Street,Windows Engineer Intern,"New York, NY",Summer,Other,vanshb03,https://www.janestreet.com/join-jane-street/position/8628843002/
2026-07-24T09:31:30Z,C,Palantir Technologies,Forward Deployed Infrastructure Engineer Intern,"New York, NY",Fall,U.S. Citizenship is Required,vanshb03,https://jobs.lever.co/palantir/cf5f44ff-1b0b-4752-bcd4-2dc88798f25b
2026-07-24T09:31:30Z,B,Palantir Technologies,Forward Deployed Infrastructure Engineer Intern,"Palo Alto, CA",Fall,Offers Sponsorship,vanshb03,https://jobs.lever.co/palantir/8f362a1f-1eff-4327-94c1-ff46e2101c69
2026-07-24T09:31:30Z,B,Palantir Technologies,Forward Deployed Software Engineer Intern,"New York, NY",Fall,Other,vanshb03,https://jobs.lever.co/palantir/4d29249a-d7e8-4c39-880d-3b35d7b2f6f6
2026-07-24T09:31:30Z,C,Palantir Technologies,Software Engineer Intern,"Washington, D.C.",Summer,Other,vanshb03,https://jobs.lever.co/palantir/bdcfb29f-4f27-42de-933f-7f83a359b9f0
2026-07-24T09:31:30Z,B,Palantir Technologies,Software Engineer Intern,"New York, NY",Summer,Other,vanshb03,https://jobs.lever.co/palantir/7d69cf8a-06fd-4f05-bd84-27149db29c4d
2026-07-24T09:31:30Z,C,Palantir Technologies,Software Engineer Intern,"Denver, CO",Fall,Other,vanshb03,https://jobs.lever.co/palantir/373eb939-6f57-4836-8479-be79a5e07249
2026-07-24T09:31:30Z,B,Palantir Technologies,"Software Engineer Intern, Defense Tech","Palo Alto, CA",Fall,Offers Sponsorship,vanshb03,https://jobs.lever.co/palantir/a483f41b-0da9-42ea-8ed6-cbf6eb93cc6d
2026-07-24T09:31:30Z,B,Palantir Technologies,"Software Engineer Intern, Defense Tech","New York, NY",Fall,Offers Sponsorship,vanshb03,https://jobs.lever.co/palantir/8bcf4f33-0a79-4248-bbfd-49ac4be9dd8e
2026-07-24T09:31:30Z,B,Palantir Technologies,"Software Engineer Intern, Infrastructure","Palo Alto, CA",Fall,Other,vanshb03,https://jobs.lever.co/palantir/f221738b-e97c-4ce3-a12a-17ada2b855e4
2026-07-24T09:31:30Z,B,Palantir Technologies,"Software Engineer Intern, Production Infrastructure","New York, NY",Fall,Other,vanshb03,https://jobs.lever.co/palantir/37964982-9b4c-471e-a1d8-fb8f45d7f116
2026-07-24T09:31:30Z,B,Walleye Capital,Risk Technology Analyst Intern,"New York, NY",Summer,Other,vanshb03,https://job-boards.greenhouse.io/walleyecapital-external-students/jobs/4679224006
2026-07-24T09:31:30Z,B,Walleye Capital,Technology Intern,"New York, NY",Summer,Other,vanshb03,https://job-boards.greenhouse.io/walleyecapital-external-students/jobs/4681002006
2026-07-24T09:31:30Z,C,Walleye Capital,Equity Volatility Quant Researcher Intern,"Miami, FL",Summer,Other,vanshb03,https://job-boards.greenhouse.io/walleyecapital-external-students/jobs/4676334006
2026-07-24T09:31:30Z,C,Akuna Capital,Quantitative Development & Strategy Intern,Chicago,Summer,U.S. Citizenship is Required,vanshb03,https://akunacapital.com/careers/job/8021481/?gh_jid=8021481
2026-07-24T09:31:30Z,C,Akuna Capital,Quantitative Research Intern,Chicago,Summer,U.S. Citizenship is Required,vanshb03,https://akunacapital.com/careers/job/8036614/?gh_jid=8036614
2026-07-24T09:31:30Z,C,TransMarket Group,Quantitative Trader Intern,"Chicago, IL",Fall,Other,vanshb03,https://job-boards.greenhouse.io/transmarketgroup/jobs/5151569007
2026-07-24T09:31:30Z,C,IMC,Quantitative Research Intern (PHD),Chicago,Summer,Offers Sponsorship,vanshb03,https://www.imc.com/us/careers/jobs/4907400101
2026-07-24T09:31:30Z,C,IMC,Quantitative Research Intern,"Chicago, IL",Summer,Offers Sponsorship,vanshb03,https://www.imc.com/us/careers/jobs/4907399101
2026-07-24T09:31:30Z,C,IMC,Hardware Engineer Intern,"Chicago, IL",Summer,Offers Sponsorship,vanshb03,https://www.imc.com/us/careers/jobs/4823945101
2026-07-24T11:22:15Z,B,Anthelion Capital,Quant Developer / Quant Research Intern - 2026/2027,New York City,Summer 2027,unknown,zshah101,https://jobs.ashbyhq.com/anthelioncap/5e2ea37b-2369-474e-b717-c24c60976e96
2026-07-24T14:45:08Z,C,Grab,Intern - Software Engineer Mobile,"Petaling Jaya, Malaysia",,,speedyapply_intl,https://jobs.smartrecruiters.com/Grab/744000139433819-intern-software-engineer-mobile?oga=true
2026-07-24T14:45:08Z,C,Neura Robotics,AI Infrastructure & Robotics DevOps Intern - Mensch,"Metzingen, Germany",,,speedyapply_intl,https://jobs.ashbyhq.com/neura-robotics-gmbh/07e05805-85f8-4f94-b968-08bb1595ad20
2026-07-24T14:45:08Z,C,Neura Robotics,AI Infrastructure & Robotics DevOps Intern - human,"Metzingen, Germany",,,speedyapply_intl,https://jobs.ashbyhq.com/neura-robotics-gmbh/4bf6db79-b175-44df-9fbe-c3c94aa37694
2026-07-24T14:45:08Z,C,Wing Assistant,AI & Tech Internship Program - Software - Product - Ops - GTM,"Shanghai, China",,,speedyapply_intl,https://jobs.lever.co/getwingapp/98e9d5d7-cfe4-4646-8a1d-19589148b7b0
2026-07-24T14:45:08Z,C,Wing Assistant,AI & Tech Internship Program - Software - Product - Ops - GTM,"Shenzhen, China",,,speedyapply_intl,https://jobs.lever.co/getwingapp/7cca4ddf-6fbd-4789-bdbb-eb472eeaaf7c
2026-07-24T14:45:08Z,C,Wing Assistant,AI & Tech Internship Program - Software - Product - Ops - GTM,"Beijing, China",,,speedyapply_intl,https://jobs.lever.co/getwingapp/6280db51-b402-4c94-8b10-90875af8c0c3
2026-07-24T14:45:08Z,C,Covestro,Full-Stack Software Development Intern,"Pudong, China",,,speedyapply_intl,https://covestro.wd3.myworkdayjobs.com/en-US/cov_external/job/Pudong-Shanghai-China/Full-Stack-Software-Development-Intern_JR-2026-01407
2026-07-24T14:45:08Z,C,Formlabs,Software Engineer Intern - Full stack,"Budapest, Hungary",,,speedyapply_intl,https://careers.formlabs.com/job/8081194/apply/?gh_jid=8081194
2026-07-24T14:45:08Z,C,Harris Computer,Stagiaire en développement de logiciels / Software Development Intern,"Montréal, Canada",,,speedyapply_intl,https://harriscomputer.wd3.myworkdayjobs.com/en-US/1/job/Montreal-Quebec/Stagiaire-en-dveloppement-de-logiciels---Software-Development-Intern_R0044820-1
2026-07-24T14:45:08Z,C,Motorola Solutions,Software Engineer Co-op,"Gatineau, Canada",,,speedyapply_intl,https://motorolasolutions.wd5.myworkdayjobs.com/en-US/careers/job/Gatineau-Canada/Software-Engineer-Co-op_R66130
2026-07-24T14:45:08Z,C,Philips,Software Engineer Intern,,,,speedyapply_intl,https://philips.wd3.myworkdayjobs.com/en-US/jobs-and-careers/job/Suzhou/Software-Engineer-Intern_588645-1
2026-07-24T14:45:08Z,C,Thales,Software Engineer Intern - C#,Singapore,,,speedyapply_intl,https://thales.wd3.myworkdayjobs.com/en-US/careers/job/SINGAPORE/Software-Engineer-Intern--C--_R0324316
2026-07-24T14:45:08Z,C,Vizzia,Embeded Systems Engineer Intern,"Paris, France",,,speedyapply_intl,https://jobs.ashbyhq.com/vizzia/de29b53f-fc7f-4f39-bdcc-4afb285ff6e0
2026-07-24T14:45:08Z,C,Wing Assistant,AI & Tech Internship Program - Software - Product - Ops - GTM,China,,,speedyapply_intl,https://jobs.lever.co/getwingapp/749ebeca-a4aa-4351-9634-edddfd485f1a
2026-07-24T14:45:08Z,C,Tencent,Site Reliability Engineer Intern,,,,speedyapply_intl,https://tencent.wd1.myworkdayjobs.com/en-US/tencent_careers/job/Singapore-CapitaSky/Site-Reliability-Engineer-Intern_R107470
2026-07-24T17:49:02Z,C,Northwell Health,Data Analytics / Data Science Intern,"Lake Success, Nassau, United States",Summer 2027,unknown,zshah101,https://eppr.fa.us2.oraclecloud.com/hcmUI/CandidateExperience/en/sites/CX_2/job/192734
2026-07-24T17:49:02Z,C,Robert Bosch Venture Capital,Powertrain Controls Software Engineering Intern,"Farmington Hills, MI, United States",Summer 2027,no-sponsorship,zshah101,https://jobs.smartrecruiters.com/BoschGroup/744000139639579
2026-07-24T17:49:02Z,B,Robert Bosch Venture Capital,Autonomous Driving – Internship in Machine Learning,"Sunnyvale, CA, United States",Summer 2027,unknown,zshah101,https://jobs.smartrecruiters.com/BoschGroup/744000139649345
2026-07-24T17:49:02Z,B,Altera Corporation,AI Software Development Engineer - Intern,"San Jose, California, United States",Summer 2027,unknown,zshah101,https://altera.wd1.myworkdayjobs.com/altera/job/San-Jose-California-United-States/AI-Software-Development-Engineer---Intern_R02707
2026-07-24T17:49:02Z,C,Magna International,R&D- Computer Vision Engineering Intern,"Troy, Michigan, US",Summer 2027,unknown,zshah101,https://magna.wd3.myworkdayjobs.com/Magna/job/Troy-Michigan-US/R-D--Computer-Vision-Engineering-Intern_R00253444-1
2026-07-24T17:49:02Z,C,Sentara Health,Data & AI Finance Strategy Intern - Fall 2026 Internship Remote,"Virginia Beach, VA",Fall 2026,unknown,zshah101,https://sentara.wd1.myworkdayjobs.com/SCS/job/Virginia-Beach-VA/Data---AI-Finance-Strategy-Intern---Fall-2026-Internship-Remote_JR-103073
2026-07-24T19:12:16Z,C,Appian,Product Manager Intern,"McLean, VA",Summer,Does Not Offer Sponsorship,vanshb03,https://careers.appian.com/jobs/8041243-product-manager-intern-
2026-07-24T19:12:16Z,C,Appian,Software Engineering Intern,"McLean, VA",Summer,Does Not Offer Sponsorship,vanshb03,https://careers.appian.com/jobs/8041237-software-engineering-intern
2026-07-24T19:12:16Z,C,Core & Main,Intern - AI/ML Data Engineering  -  Onsite - St. Louis,"Saint Louis, MO 63146",Summer 2027,unknown,zshah101,https://coreandmain.wd1.myworkdayjobs.com/coreandmain/job/Saint-Louis-MO-63146/Intern---Data-Engineering----Corp_45804
2026-07-25T11:35:20Z,B,PDT Partners,Summer 2027 Software Engineering Intern,"New York, NY",Summer 2027,unknown,zshah101,https://job-boards.greenhouse.io/pdtpartners/jobs/8077685
2026-07-25T11:35:20Z,B,MSM Inc.,AI Solutions Co-op (Fall 2026),"Webster, NY",Fall 2026,unknown,zshah101,https://ats.rippling.com/msm/jobs/6326629b-5434-4a86-8fce-d0e28ec424d4
2026-07-25T14:17:23Z,B,Amazon,Software Dev Engineer Intern Machine Learning - Amazon Robotics,"Berlin, Germany",,,speedyapply_intl,https://www.amazon.jobs/jobs/10401402/apply
2026-07-25T14:17:23Z,C,TechInsights,Software Development Co-op Student - Fall 2026,"Ottawa, Canada",,,speedyapply_intl,http://techinsights.applytojob.com/apply/JihPx6iShB/Software-Development-Coop-Student-Fall-2026
2026-07-25T14:17:23Z,C,Cadence,Intern: Software Engineering Jasper R&D,"Belo Horizonte, Brazil",,,speedyapply_intl,https://cadence.wd1.myworkdayjobs.com/en-US/external_careers/job/BELO-HORIZONTE/Intern--Software-Engineering-Jasper-R-D_R55530
2026-07-25T14:17:23Z,C,GeoComply,Security Software Engineer Intern,"Ho Chi Minh City, Vietnam",,,speedyapply_intl,https://jobs.lever.co/geocomply-2/4057ba13-28ca-440f-b4b4-ead0fdd93fd4
2026-07-25T14:17:23Z,C,Grab,Intern - Software Engineer Mobile,"Petaling Jaya, Malaysia",,,speedyapply_intl,https://jobs.smartrecruiters.com/Grab/744000139522739-intern-software-engineer-mobile?oga=true
2026-07-25T19:52:55Z,C,Northrop Grumman,Software Engineer Intern,United States-Florida-Melbourne,Summer,Other,vanshb03,https://ngc.wd1.myworkdayjobs.com/northrop_grumman_external_site/job/United-States-Florida-Melbourne/XMLNAME-2027-Intern-Software-Engineer_R10239275
2026-07-26T09:29:52Z,C,Copart,Software Engineering Intern,"Dallas, TX - Headquarters",Summer 2027,unknown,zshah101,https://copart.wd12.myworkdayjobs.com/copart/job/Dallas-TX---Headquarters/Software-Engineering-Intern_JR109673
2026-07-26T13:57:06Z,C,Red Hat,Software Engineering Intern,"Pune, India +1",,,speedyapply_intl,https://redhat.wd5.myworkdayjobs.com/en-US/jobs/job/Pune---Tower-6/Software-Engineering-Intern_R-058560
2026-07-26T13:57:06Z,C,Red Hat,Site Reliability Engineering Intern,"Pune, India",,,speedyapply_intl,https://redhat.wd5.myworkdayjobs.com/en-US/jobs/job/Pune---Tower-6/Site-Reliability-Engineering-Intern_R-058641
2026-07-26T13:57:06Z,C,Red Hat,Software Quality Engineering Intern,"Pune, India",,,speedyapply_intl,https://redhat.wd5.myworkdayjobs.com/en-US/jobs/job/Pune---Tower-6/Software-Quality-Engineering-Intern_R-058640
2026-07-26T13:57:06Z,C,Axway,Software Engineering Intern — AI Developer Tools,,,,speedyapply_intl,https://careers-axway.icims.com/jobs/8751/software-engineering-intern-%e2%80%94-ai-developer-tools/job
2026-07-27T05:02:27Z,B,Virtu,Quantitative Trading Intern,"Austin, TX / Chicago, IL / New York, NY",Summer,Other,vanshb03,https://job-boards.greenhouse.io/virtu/jobs/8624408002
2026-07-27T05:02:27Z,C,Toshiba Global Commerce,Agentic Software Engineering intern,"Durham, NC",Summer 2027,no-sponsorship,zshah101,https://job-boards.greenhouse.io/toshibaglobalcommercesolutions/jobs/5177892007
2026-07-27T05:02:27Z,C,Toshiba Global Commerce,Project Management & AI Automation Intern,"Frisco, TX",Summer 2027,no-sponsorship,zshah101,https://job-boards.greenhouse.io/toshibaglobalcommercesolutions/jobs/5190937007
2026-07-27T05:02:27Z,C,Toshiba Global Commerce,AI Engineering Intern,"Frisco, TX",Summer 2027,no-sponsorship,zshah101,https://job-boards.greenhouse.io/toshibaglobalcommercesolutions/jobs/5192820007
2026-07-27T08:45:22Z,C,Stevens Capital Management,Quantitative Research Analyst Internship,"Radnor, PA",Summer,Other,vanshb03,https://job-boards.greenhouse.io/scm/jobs/721895
2026-07-27T08:45:22Z,B,Amazon,"Robotics - Applied Scientist II Intern / Co-op - 2026 (Robotics, Manipulation, Perception, Motion Planning, Autonomous Mobile Robots, Computer Vision, Machine Learning, Controls, and more)","North Reading, Massachusetts, USA",Fall 2026,unknown,zshah101,https://www.amazon.jobs/en/jobs/3104589/robotics-applied-scientist-ii-intern-co-op-2026-robotics-manipulation-perception-motion-planning-autonomous-mobile-robots-computer-vision-machine-learning-controls-and-more
2026-07-27T08:45:22Z,B,Amazon,Software Development Engineer Internship - Fall 2026 (US),"Seattle, Washington, USA",Fall 2026,unknown,zshah101,https://www.amazon.jobs/en/jobs/3116030/software-development-engineer-internship-fall-2026-us
2026-07-27T08:45:22Z,C,VetsEZ,Full Stack Developer Intern (Remote Opportunity),"Tampa, FL",Summer 2027,unknown,zshah101,https://vetsez.breezy.hr/p/45cb34b38e8301-full-stack-developer-intern-remote-opportunity
2026-07-27T08:45:22Z,C,Xsolla,AI-First Engineering Intern,"Raleigh, United States",Summer 2027,unknown,zshah101,https://jobs.lever.co/xsolla/5d5fd6b3-d82f-437a-b251-abf4674ac874
2026-07-27T08:45:22Z,C,Copart,Software Engineering Intern,"Dallas, TX - Headquarters",Summer 2027,unknown,zshah101,https://copart.wd12.myworkdayjobs.com/copart/job/Dallas-TX---Headquarters/Software-Engineering-Intern_JR109441
2026-07-27T08:45:22Z,C,Copart,Software Engineering Intern,"Dallas, TX - Headquarters",Summer 2027,unknown,zshah101,https://copart.wd12.myworkdayjobs.com/copart/job/Dallas-TX---Headquarters/Software-Engineering-Intern_JR109672
2026-07-27T08:45:22Z,C,Copart,Software Engineering Intern,"Dallas, TX - Headquarters",Summer 2027,unknown,zshah101,https://copart.wd12.myworkdayjobs.com/copart/job/Dallas-TX---Headquarters/Software-Engineering-Intern_JR109689
2026-07-27T08:45:22Z,C,Copart,Software Engineering Intern,"Dallas, TX - Headquarters",Summer 2027,unknown,zshah101,https://copart.wd12.myworkdayjobs.com/copart/job/Dallas-TX---Headquarters/Software-Engineering-Intern_JR109897
2026-07-27T08:45:22Z,C,Copart,Software Engineering Intern,"Dallas, TX - Headquarters",Summer 2027,unknown,zshah101,https://copart.wd12.myworkdayjobs.com/copart/job/Dallas-TX---Headquarters/Software-Engineering-Intern_JR110079
2026-07-27T15:11:20Z,B,Atomic Semi,"Software Engineer Intern, Chip Design Tools","San Francisco, CA",Fall,Offers Sponsorship,vanshb03,https://jobs.ashbyhq.com/fab2/907766af-a3c0-49a3-b01e-246baa437d10?embed=true
2026-07-27T15:11:20Z,B,Atomic Semi,Infrastructure Software Engineering Intern,"San Francisco, CA / Austin, TX",Fall,Offers Sponsorship,vanshb03,https://jobs.ashbyhq.com/fab2/867c67f7-20b5-4726-b9da-85a760d3851e?embed=true
2026-07-27T15:11:20Z,C,Mosaic,Informational Technology Cybersecurity Co-Op/Intern - Fall 2026,"US - Tampa, FL (Lithia area)",Fall 2026,unknown,zshah101,https://mosaic.wd5.myworkdayjobs.com/mosaic/job/US---Tampa-FL-Lithia-area/Co-op-Student-Admin_64613-1
2026-07-27T17:06:22Z,C,Appian,Information Security Engineer Intern,"McLean, Virginia",Summer 2027,no-sponsorship,zshah101,https://job-boards.greenhouse.io/appian/jobs/8088496
2026-07-27T17:06:22Z,C,Nokia,Architecture AI Co-op,United States,Summer 2027,no-sponsorship,zshah101,https://fa-evmr-saasfaprod1.fa.ocs.oraclecloud.com/hcmUI/CandidateExperience/en/sites/CX_1/job/36722
2026-07-27T17:06:22Z,C,Nelnet,Intern Program - Agentic AI,"Lincoln, NE",Summer 2027,unknown,zshah101,https://nelnet.wd1.myworkdayjobs.com/MyNelnet/job/Lincoln-NE/Intern-Program---Agentic-AI_R22904
2026-07-27T17:06:22Z,C,Northrop Grumman,2027 Returning Intern Software Engineer,United States-Florida-Melbourne,Summer 2027,citizens-only,zshah101,https://ngc.wd1.myworkdayjobs.com/Northrop_Grumman_External_Site/job/United-States-Florida-Melbourne/XMLNAME-2027-Returning-Intern-Software-Engineer_R10242378
2026-07-27T17:06:22Z,C,Sentara Health,Enterprise Data & AI Intern- Fall 2026 Internship,"Virginia Beach, VA",Fall 2026,unknown,zshah101,https://sentara.wd1.myworkdayjobs.com/SCS/job/Virginia-Beach-VA/Enterprise-Data---AI-Intern--Fall-2026-Internship_JR-102685
2026-07-27T18:44:32Z,C,Intel,AI Applied intern,"US, Oregon, Hillsboro",Summer 2027,unknown,zshah101,https://intel.wd1.myworkdayjobs.com/external/job/US-Oregon-Hillsboro/AI-Applied-intern_JR0285916
2026-07-27T21:21:48Z,C,Apptronik,Software Engineer Intern - ML Systems,"Onsite - Austin, TX",Not stated,unknown,zshah101,https://boards.greenhouse.io/apptronik/jobs/6128057004?gh_jid=6128057004
2026-07-27T21:21:48Z,C,Axon,RenderATL - 2027 US Software Engineering Internship,"Seattle, Washington, United States",Summer 2027,unknown,zshah101,https://job-boards.greenhouse.io/axontalentcommunity/jobs/7800617003
2026-07-27T21:21:48Z,C,Axon,RenderATL 2027 US Firmware Engineering Internship,"Seattle, Washington, United States",Summer 2027,unknown,zshah101,https://job-boards.greenhouse.io/axontalentcommunity/jobs/7800628003
2026-07-27T21:21:48Z,C,Bosch,Powertrain Controls Software Engineering Intern (6-Months),"Farmington Hills, MI, United States",Not stated,unknown,zshah101,https://jobs.smartrecruiters.com/BoschGroup/744000140089589
2026-07-27T21:21:48Z,C,CCC Intelligent Solutions,Applied AI Engineering Intern,"Chicago (Green St), IL",Not stated,unknown,zshah101,https://cccis.wd1.myworkdayjobs.com/broadbean_external/job/Chicago-Green-St-IL/Applied-AI-Engineering-Intern_0014827
2026-07-28T15:52:56Z,C,Touchdown Labs,Member of Technical Staff Intern,"San Francisco, CA",Fall,Other,vanshb03,https://touchdown-labs.com/careers/mts-intern/?jr_id=6a68292c50dec41e3527e633
2026-07-28T15:52:56Z,C,Cloudflare,Software Engineer Intern,"Austin, TX",Fall,Other,vanshb03,https://job-boards.greenhouse.io/cloudflare/jobs/8052785?gh_jid=8052785
2026-07-28T15:52:56Z,C,Bosch,Powertrain Controls Software Engineering Intern - 6-Months,"Farmington Hills, MI",,,speedyapply,https://jobs.smartrecruiters.com/BoschGroup/744000140089589-powertrain-controls-software-engineering-intern-6-months-?oga=true
2026-07-28T15:52:56Z,C,PathAI,Software Engineering Co-op MLOps: September - December 2026,"Boston, MA",,,speedyapply,https://www.pathai.com/careers/8651564002?gh_jid=8651564002
2026-07-28T15:52:56Z,C,Two Six Technologies,Skillbridge Internship -IO,"Doral, FL",,,speedyapply,https://job-boards.greenhouse.io/twosixtechnologies/jobs/6126995004
2026-07-28T15:52:56Z,C,Northrop Grumman,2027 Returning Intern Software Engineer,"Melbourne, FL",,,speedyapply,https://ngc.wd1.myworkdayjobs.com/en-US/northrop_grumman_external_site/job/United-States-Florida-Melbourne/XMLNAME-2027-Returning-Intern-Software-Engineer_R10242378
2026-07-28T15:52:56Z,C,Raytheon,Software Engineering Intern - On-site,"State College, PA",,,speedyapply,https://globalhr.wd5.myworkdayjobs.com/en-US/rec_rtx_ext_gateway/job/US-PA-STATE-COLLEGE-5A--302-Science-Park-Rd--BLDG-5A/Software-Engineering-Intern--On-site-_01860801
2026-07-28T15:52:56Z,C,SRI International,Drexel University Co-op: Software Engineering/Full stack development,"Princeton, NJ",,,speedyapply,https://careers-sri.icims.com/jobs/6432/drexel-university-co-op%3a-software-engineering-full-stack-development/job
2026-07-28T15:52:56Z,C,Sysco,Intern - Software Engineering,Sri Lanka,,,speedyapply_intl,https://sysco.wd5.myworkdayjobs.com/en-US/syscocareers/job/Sysco-LABS-----Sri-Lanka/Intern---Software-Engineering_R259243
2026-07-28T15:52:56Z,C,Bosch,Software Function Developer intern,"Budapest, Hungary",,,speedyapply_intl,https://jobs.smartrecruiters.com/BoschGroup/744000139993139-software-function-developer-intern?oga=true
2026-07-28T15:52:56Z,C,Ciena,Software Engineering Intern - 4 Months,"Ottawa, Canada",,,speedyapply_intl,https://ciena.wd5.myworkdayjobs.com/en-US/careers/job/Ottawa/Software-Engineering-Intern_R031372
2026-07-28T15:52:56Z,C,Motorola Solutions,Intern Software Developer - Java,"Kraków, Poland",,,speedyapply_intl,https://motorolasolutions.wd5.myworkdayjobs.com/en-US/careers/job/Krakow-Poland/Intern-Software-Developer--Java-_R66286
2026-07-28T15:52:56Z,C,NXP Semiconductors,Internship: Automotive Customer Application Software Engineer - m/f/d,"Gratkorn, Austria",,,speedyapply_intl,https://nxp.wd3.myworkdayjobs.com/en-US/careers/job/Gratkorn/Internship--Automotive-Customer-Application-Software-Engineer--m-f-d-_R-10064842
2026-07-28T15:52:56Z,C,Roche,RiSM Internship for students in Computer Science - Software Engineering - Data Science or Bioinformatics - Basel - 9-12 months,"Basel, Switzerland",,,speedyapply_intl,https://roche.wd3.myworkdayjobs.com/en-US/roche-ext/job/Basel/RiSM-Internship-for-students-in-Computer-Science--Software-Engineering--Data-Science-or-Bioinformatics--Basel--9-12-months-_202607-119043-1
2026-07-28T15:52:56Z,C,SentinelOne,AI Developer Experience Intern,"Prague, Czechia",,,speedyapply_intl,https://www.sentinelone.com/jobs/?gh_jid=7790766003
2026-07-28T15:52:56Z,C,TomTom,Maps Feedback & Resolutions - Software Engineer Internship - Lodz,"Łódź, Poland",,,speedyapply_intl,https://jobs.eu.lever.co/tomtom/876c33a5-cb7d-4d3d-8d76-892527988c7d
2026-07-28T17:18:51Z,C,Apptronik,"Software Engineer Intern, ML Systems","Austin, TX",Fall,Other,vanshb03,https://job-boards.greenhouse.io/apptronik/jobs/6128057004?gh_jid=6128057004&gh_src=rwa9v6mw4us
2026-07-28T17:18:51Z,C,Rendezvous Robotics,Software Engineering Intern,"Golden, CO",Fall,U.S. Citizenship is Required,vanshb03,https://job-boards.greenhouse.io/rendezvousrobotics/jobs/4328555009?gh_src=kpek4mqz9us
2026-07-28T17:18:51Z,C,Rendezvous Robotics,"Software Engineering Intern, Spring 2027","Golden, CO",Spring,U.S. Citizenship is Required,vanshb03,https://job-boards.greenhouse.io/rendezvousrobotics/jobs/4329122009?gh_src=kpek4mqz9us
2026-07-28T18:52:21Z,C,Bosch,ADAS Software Engineering Intern,"Plymouth, MI, United States",Not stated,unknown,zshah101,https://jobs.smartrecruiters.com/BoschGroup/744000140317669
2026-07-28T21:20:52Z,C,Assurant,Digital & AI Transformation Intern,"Atlanta, GA",Not stated,unknown,zshah101,https://assurant.wd1.myworkdayjobs.com/External_Limited_Posting/job/Atlanta-GA/Digital---AI-Transformation-Intern_R-114103-3
2026-07-28T22:31:13Z,C,Savannah River National Laboratory,ASPIRE Software Developer Undergraduate Intern,"Aiken, SC, United States",Not stated,citizens-only,zshah101,https://ewvl.fa.us8.oraclecloud.com/hcmUI/CandidateExperience/en/sites/CX_1/job/2164
2026-07-28T22:31:13Z,C,Draper,Electronics & Embedded Systems Intern (Summer 2027),"Cambridge, MA",Summer 2027,citizens-only,zshah101,https://draper.wd5.myworkdayjobs.com/Draper_Careers/job/Cambridge-MA/Electronics---Embedded-Systems-Intern--Summer-2027-_JR002735
2026-07-28T23:37:26Z,B,Modal,ML Research Intern,New York,Not stated,unknown,zshah101,https://jobs.ashbyhq.com/modal/38888294-6bc7-4dab-b072-6d0f0c2ed79a
2026-07-29T04:27:39Z,C,Brunswick,Software Engineer Intern,"Champaign, IL",Not stated,no-sponsorship,zshah101,https://brunswick.wd1.myworkdayjobs.com/search/job/Champaign-IL/Software-Engineer-Intern_JR-050991
2026-07-29T10:03:28Z,C,Intel,AI Software Engineering Intern,"US, Arizona, Phoenix",Not stated,unknown,zshah101,https://intel.wd1.myworkdayjobs.com/external/job/US-Arizona-Phoenix/AI-Software-Engineering-Intern_JR0282641
2026-07-29T14:37:41Z,B,Bosch,Autonomous Driving – Internship in Machine Learning,"Sunnyvale, CA, United States",Not stated,unknown,zshah101,https://jobs.smartrecruiters.com/BoschGroup/744000140462550
2026-07-29T14:37:41Z,C,Leidos,Software Developer Intern,"Annapolis Junction, MD",Summer 2027,citizens-only,zshah101,https://leidos.wd5.myworkdayjobs.com/External/job/Annapolis-Junction-MD/Software-Developer-Intern_R-00188311
2026-07-29T14:37:41Z,C,Bosch,ADAS Software Engineering Intern,"Plymouth, MI",,,speedyapply,https://jobs.smartrecruiters.com/BoschGroup/744000140317669-adas-software-engineering-intern?oga=true
2026-07-29T14:37:41Z,C,Grab,Intern - Software Engineer Mobile - September Intake,"Petaling Jaya, Malaysia",,,speedyapply_intl,https://jobs.smartrecruiters.com/Grab/744000140372529-intern-software-engineer-mobile-september-intake-?oga=true
2026-07-29T14:37:41Z,C,Ciena,Software Liquid Spectrum Applications Intern - Fall 2026,"Ottawa, Canada",,,speedyapply_intl,https://ciena.wd5.myworkdayjobs.com/en-US/careers/job/Ottawa/Software-Liquid-Spectrum-Applications-Intern--Fall-2026-_R031412
2026-07-29T14:37:41Z,C,GRADION,Software Engineering Intern - 6-month contract,"Ho Chi Minh City, Vietnam",,,speedyapply_intl,https://jobs.lever.co/gradion/8c708c66-0b72-4afe-b9b4-0600ff8b9758
2026-07-29T14:37:41Z,C,Tencent,Sales Intern - Cloud & AI,,,,speedyapply_intl,https://tencent.wd1.myworkdayjobs.com/en-US/tencent_careers/job/UAE-Dubai/Sales-Intern--Cloud---AI_R107870
2026-07-29T14:37:41Z,C,Tencent,Legal Intern - Cloud,,,,speedyapply_intl,https://tencent.wd1.myworkdayjobs.com/en-US/tencent_careers/job/France-Paris/Legal-Intern--Cloud_R107868
2026-07-29T16:07:48Z,C,Motorola,"Software Engineering, Co-Op","Massachusetts, US Offsite, More...",Not stated,no-sponsorship,zshah101,https://motorolasolutions.wd5.myworkdayjobs.com/Careers/job/Massachusetts-US-Offsite/Software-Engineering--Co-Op_R66728
2026-07-29T16:07:48Z,C,Rockwell Automation,"Intern, Applied AI","Austin, Texas, United States",Not stated,unknown,zshah101,https://rockwellautomation.wd1.myworkdayjobs.com/External_Rockwell_Automation/job/Austin-Texas-United-States/Intern--Applied-AI_R26-5631-2
2026-07-29T17:35:00Z,C,BorgWarner,Software Application Engineering Intern (Year Round),Auburn Hills - Michigan - USA,Not stated,offers,zshah101,https://borgwarner.wd5.myworkdayjobs.com/BorgWarner_Careers/job/Auburn-Hills---Michigan---USA/Software-Application-Engineering-Intern--Year-Round-_R2026-1645
2026-07-29T19:58:04Z,C,Leidos,Application Developer Intern,"Indianapolis, IN",Not stated,citizens-only,zshah101,https://leidos.wd5.myworkdayjobs.com/External/job/Indianapolis-IN/Application-Developer-Intern_R-00188193-1
2026-07-29T21:49:40Z,B,Redwood Materials,Embedded Software Engineer Intern - Fall 2026,"San Francisco, California, United States",Fall 2026,unknown,zshah101,https://boards.greenhouse.io/redwoodmaterials/jobs/6126784004?gh_jid=6126784004
2026-07-29T21:49:40Z,C,Leidos,Data Science Intern,"San Diego, CA",Not stated,citizens-only,zshah101,https://leidos.wd5.myworkdayjobs.com/External/job/San-Diego-CA/Data-Science-Intern_R-00188405
2026-07-29T22:50:24Z,B,Virtu Financial,2027 Internship - Frontend & User Experience,New York,Summer 2027,unknown,zshah101,https://job-boards.greenhouse.io/virtu/jobs/8657500002
2026-07-30T01:25:45Z,C,Sony Pictures Entertainment,"Current Programming Intern, Sony Pictures Television – Fall 2026","Culver City, California",Fall 2026,unknown,zshah101,https://spe.wd1.myworkdayjobs.com/SonyPicturesEntertainment/job/Culver-City-California/Current-Programming-Intern--Sony-Pictures-Television---Fall-2026_JR113893
2026-07-30T13:13:22Z,C,Tevora,Cybersecurity Internship Fall 2026 - Enterprise Risk Management,"Irvine, CA",Fall 2026,unknown,zshah101,https://jobs.lever.co/tevora/1be28747-e28c-43af-b38c-087452263f96
2026-07-30T13:13:22Z,C,Tevora,Cybersecurity Internship Fall 2026 - Solutions,"Irvine, CA",Fall 2026,unknown,zshah101,https://jobs.lever.co/tevora/23fb4ead-6204-4f9b-9a60-9c28b7d1d3dc
2026-07-30T13:13:22Z,C,Tevora,Cybersecurity Internship Fall 2026 - Federal,"Fairfax, VA",Fall 2026,unknown,zshah101,https://jobs.lever.co/tevora/335ec3e2-c7ee-4e4c-b4a9-04428999e954
2026-07-30T13:13:22Z,C,Tevora,Cybersecurity Internship Fall 2026 - Threat,"Irvine, CA",Fall 2026,unknown,zshah101,https://jobs.lever.co/tevora/5bec7454-0bde-4db3-85ec-f0af7a0a1733
2026-07-30T13:13:22Z,C,Tevora,Cybersecurity Internship Fall 2026 - Payments,"Fairfax, VA",Fall 2026,unknown,zshah101,https://jobs.lever.co/tevora/c0af26d1-51b0-41ba-9916-a208c1cafc29
2026-07-30T13:13:22Z,C,Tevora,Cybersecurity Internship Fall 2026 - International Organization for Standardization (ISO),"Irvine, CA",Fall 2026,unknown,zshah101,https://jobs.lever.co/tevora/dd7cd048-9997-425d-b1f4-d13f37c66df0
2026-07-30T13:13:22Z,C,Tevora,Cybersecurity Internship Fall 2026 - Healthcare,"Irvine, CA",Fall 2026,unknown,zshah101,https://jobs.lever.co/tevora/f3d10f98-0ee6-4ad7-a1a0-6863ff008adf
2026-07-30T13:13:22Z,C,Tevora,Cybersecurity Internship Fall 2026 - Systems and Organizations Controls (SOC),"Irvine, CA",Fall 2026,unknown,zshah101,https://jobs.lever.co/tevora/fe730e76-b19c-4026-97d6-f4b6120b299e
2026-07-30T16:57:25Z,C,Copart,Software Engineering Intern,"Dallas, TX - Headquarters",Not stated,unknown,zshah101,https://copart.wd12.myworkdayjobs.com/copart/job/Dallas-TX---Headquarters/Software-Engineering-Intern_JR109964
2026-07-30T16:57:25Z,C,Copart,Software Engineering Intern,"Dallas, TX - Headquarters",Not stated,unknown,zshah101,https://copart.wd12.myworkdayjobs.com/copart/job/Dallas-TX---Headquarters/Software-Engineering-Intern_JR109965
2026-07-30T23:11:21Z,B,General Dynamics Information Technology,Systems Engineer Intern,"Albany, NY",Summer,Other,vanshb03,https://www.gd.com/careers/systems-engineer-intern-albany-ny-us-rq225289-gdit-opportunity
2026-07-31T13:40:04Z,B,Heliux,"Software Engineer (Internship, Summer 2027)","HQ (San Francisco, CA)",Summer 2027,citizens-only,zshah101,https://jobs.ashbyhq.com/heliux/ff2b6f4b-00d0-4afe-b4f5-2dbf443409ef
2026-07-31T13:40:04Z,B,Melius,Software Engineering Intern,New York City,Not stated,unknown,zshah101,https://jobs.ashbyhq.com/melius/6a944911-dbbf-44c7-ba52-7866f7b433cf
2026-07-31T15:47:52Z,C,Copart,Software Engineering Intern,"Dallas, TX",,,speedyapply,https://copart.wd12.myworkdayjobs.com/en-US/copart/job/Dallas-TX---Headquarters/Software-Engineering-Intern_JR109964
2026-07-31T15:47:52Z,C,Copart,Software Engineering Intern,"Dallas, TX",,,speedyapply,https://copart.wd12.myworkdayjobs.com/en-US/copart/job/Dallas-TX---Headquarters/Software-Engineering-Intern_JR109965
2026-07-31T15:47:52Z,C,Leidos,Software Developer Intern,"Annapolis Junction, MD",,,speedyapply,https://leidos.wd5.myworkdayjobs.com/en-US/external/job/Annapolis-Junction-MD/Software-Developer-Intern_R-00188311
2026-07-31T15:47:52Z,C,Leidos,Application Developer Intern,"Indianapolis, IN",,,speedyapply,https://leidos.wd5.myworkdayjobs.com/en-US/external/job/Indianapolis-IN/Application-Developer-Intern_R-00188193-1
2026-07-31T15:47:52Z,B,Motorola Solutions,Software Engineering - Co-Op,"Remote - Massachusetts, USA +10",,,speedyapply,https://motorolasolutions.wd5.myworkdayjobs.com/en-US/careers/job/Massachusetts-US-Offsite/Software-Engineering--Co-Op_R66728
2026-07-31T15:47:52Z,C,Brunswick,Software Engineer Intern,"Champaign, IL",,,speedyapply,https://brunswick.wd1.myworkdayjobs.com/en-US/search/job/Champaign-IL/Software-Engineer-Intern_JR-050991
2026-07-31T15:47:52Z,C,Draper,Electronics & Embedded Systems Intern - Summer 2027,"Cambridge, MA",,,speedyapply,https://draper.wd5.myworkdayjobs.com/en-US/draper_careers/job/Cambridge-MA/Electronics---Embedded-Systems-Intern--Summer-2027-_JR002735
2026-07-31T15:47:52Z,C,NVIDIA,Software Engineering Intern — Replay Tooling & Test Automation - Autonomous Driving,"Munich, Germany",,,speedyapply_intl,https://nvidia.wd5.myworkdayjobs.com/en-US/nvidiaexternalcareersite/job/Germany-Munich/Software-Engineering-Intern---Replay-Tooling---Test-Automation--Autonomous-Driving_JR2022086
2026-07-31T15:47:52Z,C,Bosch,Extracurricular Internship: Infrastructure & DevOps Engineer - f/m/div.,"Aveiro, Portugal",,,speedyapply_intl,https://jobs.smartrecruiters.com/BoschGroup/744000140661950-extracurricular-internship-infrastructure-devops-engineer-f-m-div-?oga=true
2026-07-31T15:47:52Z,C,dentsu,Intern Software Development,"Cape Town, South Africa",,,speedyapply_intl,https://dentsuaegis.wd3.myworkdayjobs.com/en-US/dan_global/job/Cape-Town/Intern-Software-Development_R1128638
2026-07-31T15:47:52Z,C,Epicor,Interns - Content Developer /Technical Writing/ Instructional Designer,"Bengaluru, India",,,speedyapply_intl,https://epicorsoftware.wd5.myworkdayjobs.com/en-US/epicorjobs/job/India-Bangalore/Interns---Content-Developer--Technical-Writing--Instructional-Designer_JR105255
2026-07-31T15:47:52Z,C,NXP Semiconductors,Internship: Software Test Engineer - JavaCard Applications - m/f/d,"Gratkorn, Austria",,,speedyapply_intl,https://nxp.wd3.myworkdayjobs.com/en-US/careers/job/Gratkorn/Internship--Software-Test-Engineer---JavaCard-Applications_R-10060761-1
2026-07-31T15:47:52Z,C,Bosch,BGSV/PJ-NE Software Engineer Intern - Python - JavaScript/TypeScript - Java,"Ho Chi Minh City, Vietnam",,,speedyapply_intl,https://jobs.smartrecruiters.com/BoschGroup/744000140405355--bgsv-pj-ne-software-engineer-intern-python-javascript-typescript-java-?oga=true
2026-07-31T15:47:52Z,C,Bosch,BD JavaScript Developer Intern - 6-month fulltime internship,"Ho Chi Minh City, Vietnam",,,speedyapply_intl,https://jobs.smartrecruiters.com/BoschGroup/744000140390469--bd-javascript-developer-intern-6-month-fulltime-internship-?oga=true
2026-07-31T15:47:52Z,C,Bosch,BD AI Software QA Intern - Next-Gen & AI-Driven Testing - 6-month Internship,"Ho Chi Minh City, Vietnam",,,speedyapply_intl,https://jobs.smartrecruiters.com/BoschGroup/744000140392124--bd-ai-software-qa-intern-next-gen-ai-driven-testing-6-month-internship-?oga=true
2026-07-31T15:47:52Z,C,Bosch,Extracurricular Internship: Gateway Firmware Engineer - f/m/div.,"Aveiro, Portugal",,,speedyapply_intl,https://jobs.smartrecruiters.com/BoschGroup/744000140435979-extracurricular-internship-gateway-firmware-engineer-f-m-div-?oga=true
2026-07-31T15:47:52Z,C,GE Aerospace,Tool Software Eng. for Product Definition - intern,"Santiago de Querétaro, Mexico",,,speedyapply_intl,https://geaerospace.wd5.myworkdayjobs.com/en-US/ge_externalsite/job/Queretaro/Tool-Software-Eng-for-Product-Definition---intern_R5037958-1
2026-07-31T15:47:52Z,B,General Motors,2026 Fall Co-op Digital Vehicle Experience Software Developer,"Markham, Canada",,,speedyapply_intl,https://generalmotors.wd5.myworkdayjobs.com/en-US/careers_gm/job/Markham-Ontario-Canada/XMLNAME-2026-Fall-Co-op-Digital-Vehicle-Experience-Software-Developer_JR-202616330
2026-07-31T15:47:52Z,C,Grab,Software Engineer Intern,"Beijing, China",,,speedyapply_intl,https://jobs.smartrecruiters.com/Grab/744000140389140-software-engineer-intern?oga=true
2026-07-31T15:47:52Z,C,Johnson & Johnson,Digital Developer Intern,"Shanghai, China",,,speedyapply_intl,https://jj.wd5.myworkdayjobs.com/en-US/jj/job/Shanghai-China/Digital-Developer-Intern_R-088818
2026-07-31T15:47:52Z,C,Mactores,Full Stack Product Engineer Intern - Agent Native,"Mumbai, India",,,speedyapply_intl,https://jobs.lever.co/mactores/598c935b-f408-4491-93b6-94c95396bd5c
2026-07-31T15:47:52Z,C,NXP Semiconductors,Internship: Python Software Engineer - m/f/d,"Gratkorn, Austria",,,speedyapply_intl,https://nxp.wd3.myworkdayjobs.com/en-US/careers/job/Gratkorn/Internship--Python-Software-Engineer--m-f-d-_R-10065627-1
2026-07-31T15:47:52Z,C,Trimble,Software Engineering Intern,"Christchurch, New Zealand",,,speedyapply_intl,https://trimble.wd1.myworkdayjobs.com/en-US/trimblecareers/job/New-Zealand---Christchurch/Software-Engineering-Intern_R56802
2026-07-31T15:47:52Z,B,QuadReal,AI Software Engineering - Fall 2026 - Toronto - Co-op/Internship - 4 Months,"Toronto, Canada",,,speedyapply_intl,https://quadreal.wd10.myworkdayjobs.com/en-US/quadreal/job/Toronto/AI-Software-Engineering--Fall-2026---Toronto--Co-op-Internship----4-Months_R0006673
2026-07-31T15:47:52Z,C,ALTEN,Stage Innovation : Ingénieur Génie logiciel / Fullstack,"Valbonne, France",,,speedyapply_intl,https://jobs.smartrecruiters.com/ALTEN/744000139959738-stage-innovation-ingenieur-genie-logiciel-fullstack?oga=true
2026-07-31T15:47:52Z,C,Talan,Alternance - Consultant SAP S/4HANA Cloud Finance - H/F,"Paris, France",,,speedyapply_intl,https://jobs.smartrecruiters.com/Talan/744000139992819-alternance-consultant-sap-s-4hana-cloud-finance-h-f?oga=true
2026-07-31T15:47:52Z,C,ALTEN,Développeur logiciel Smart Metering - Java / Android & modernisation applicative - Alternance - H/F,"Grenoble, France",,,speedyapply_intl,https://jobs.smartrecruiters.com/ALTEN/744000139112370-developpeur-logiciel-smart-metering-java-android-modernisation-applicative-alternance-h-f-?oga=true
2026-07-31T15:47:52Z,C,Bruker,Werkstudent - m/w/d Software Testing & Instrument Control,"Bremen, Germany",,,speedyapply_intl,https://germancareers-bruker.icims.com/jobs/19642/werkstudent-%28m-w-d%29-software-testing-%26-instrument-control/job
2026-07-31T15:47:52Z,C,ALTEN,Ingénieur Développeur Frontend - H/F,"Toulouse, France",,,speedyapply_intl,https://jobs.smartrecruiters.com/ALTEN/744000135714395-ingenieur-developpeur-frontend-h-f-?oga=true
2026-07-31T17:19:11Z,C,Castleton Commodities International,Full-Stack Software Engineer Intern,"Stamford, CT / Houston, TX",Summer,Other,vanshb03,https://osv-cci.wd1.myworkdayjobs.com/en-US/CCICareers/job/Stamford-CT/Full-Stack-Software-Engineer-Internship--Summer-2027-_R1350
2026-07-31T17:19:11Z,B,FTI Consulting,Technology Intern,"Atlanta, GA / Chicago, IL / Houston, TX / Los Angeles, CA / New York, NY / San Francisco, CA / Washington, DC / Chicago, IL / Los Angeles, CA / New York, NY / San Francisco, CA / Washington, DC",Summer,Other,vanshb03,https://fticonsulting.wd108.myworkdayjobs.com/FTIConsultingCareers/job/United-States/XMLNAME-2027-Intern---Technology_JR260339-1
2026-07-31T17:19:11Z,C,DRW,FPGA Intern,"Chicago, IL",Summer,Offers Sponsorship,vanshb03,https://www.drw.com/work-at-drw/listings/fpga-intern-3484423
2026-07-31T17:19:11Z,C,DRW,AI/ML Research Intern,Montréal,Summer,Other,vanshb03,https://www.drw.com/work-at-drw/listings/aiml-research-intern-3466679
2026-07-31T17:19:11Z,C,DRW,Platform Engineer Intern,"Chicago, IL",Summer,Other,vanshb03,https://www.drw.com/work-at-drw/listings/platform-engineer-intern-3468737
2026-07-31T17:19:11Z,B,DRW,Quantitative Research Intern,"Chicago, IL / New York City, NY",Summer,Other,vanshb03,https://www.drw.com/work-at-drw/listings/quantitative-research-intern-3413670
2026-07-31T17:19:11Z,C,DRW,Quantitative Trading Analyst Intern,"Chicago, IL",Summer,Other,vanshb03,https://www.drw.com/work-at-drw/listings/quantitative-trading-analyst-intern-3375090
2026-07-31T17:19:11Z,C,DRW,Software Developer Intern,Montréal,Summer,Other,vanshb03,https://www.drw.com/work-at-drw/listings/software-developer-intern-3466687
2026-07-31T17:19:11Z,C,DRW,Software Developer Intern,"Chicago, IL",Summer,Other,vanshb03,https://www.drw.com/work-at-drw/listings/software-developer-intern-3467328
2026-07-31T17:19:11Z,B,Castleton Commodities International,Data Science Machine Learning Intern,"Stamford, CT / Houston, TX / New York City, NY",Summer,Other,vanshb03,https://osv-cci.wd1.myworkdayjobs.com/en-US/CCICareers/job/Stamford-CT/Data-Science-Machine-Learning-Internship--Summer-2027-_R1344
2026-07-31T17:19:11Z,B,Castleton Commodities International,Data Engineering Intern,"Stamford, CT / Houston, TX / New York City, NY",Summer,Other,vanshb03,https://osv-cci.wd1.myworkdayjobs.com/en-US/CCICareers/job/Stamford-CT/Data-Engineering-Internship--Summer-2027-_R1346
2026-07-31T17:19:11Z,B,Melius,Software Engineering Intern [Spring/Summer 2027],New York City,Summer 2027,unknown,zshah101,https://jobs.ashbyhq.com/melius/b61f063a-4f94-4e50-a4ef-05aaab552280
2026-07-31T18:49:46Z,C,Intel,AI Software Engineer Graduate Intern,Virtual US,Not stated,unknown,zshah101,https://intel.wd1.myworkdayjobs.com/external/job/Virtual-US/AI-Software-Engineer-Graduate-Intern_JR0285989
2026-07-31T18:49:46Z,C,PSECU,Data Analyst Intern,"Harrisburg, PA",Not stated,unknown,zshah101,https://psecu.wd12.myworkdayjobs.com/PSECU/job/Harrisburg-PA/Data-Analyst-Intern_JR100964
2026-07-31T21:28:54Z,B,SK Hynix Memory Solution,Software Engineer Intern,"San Jose, CA",Summer,Other,vanshb03,https://job-boards.greenhouse.io/skhynixmemorysolutionsamericainc/jobs/4342038009
2026-08-01T14:27:30Z,B,Heliux,Software Engineer - Internship - Spring 2027,"San Francisco, CA",,,speedyapply,https://jobs.ashbyhq.com/heliux/c71c0650-b6f7-491f-b291-6b280f58ee9c
2026-08-01T14:27:30Z,B,Microsoft,Cloud Solution Architect - Kuwait Nationalization Internship,"Kuwait City, Kuwait",,,speedyapply_intl,https://apply.careers.microsoft.com/careers/job/1970393556944017
2026-08-01T14:27:30Z,B,Microsoft,Cloud Solution Architect - Ru'aa Internship,"Riyadh, Saudi Arabia",,,speedyapply_intl,https://apply.careers.microsoft.com/careers/job/1970393556942312
2026-08-01T14:27:30Z,B,Microsoft,Cloud Solution Architect - Erada Internship,"Doha, Qatar",,,speedyapply_intl,https://apply.careers.microsoft.com/careers/job/1970393556942310
2026-08-01T14:27:30Z,C,Bosch,Graphics / Visualization Software Engineer Trainee,"Budapest, Hungary",,,speedyapply_intl,https://jobs.smartrecruiters.com/BoschGroup/744000140917083-graphics-visualization-software-engineer-trainee?oga=true
2026-08-01T14:27:30Z,C,Airwallex,Software Engineer - Intern 2027,"Singapore, Singapore",,,speedyapply_intl,https://jobs.ashbyhq.com/airwallex/6cdb0f39-234a-4234-b1f1-cb48a1fa2795
2026-08-01T14:27:30Z,C,ALTEN,Ingénieur Développeur Frontend - H/F,"Toulouse, France",,,speedyapply_intl,https://jobs.smartrecruiters.com/ALTEN/744000140895749-ingenieur-developpeur-frontend-h-f-?oga=true
2026-08-01T14:27:30Z,C,Avanade,Software Engineer Intern,"Kuala Lumpur, Malaysia",,,speedyapply_intl,https://accenture.wd103.myworkdayjobs.com/en-US/avanadecareers/job/Kuala-Lumpur-Exchange-106/Software-Engineer-Intern_R00347937
2026-08-01T14:27:30Z,C,Bosch,Internship Program Q4 Fullstack Engineer Intern - Java/NodeJS/Python/Django/React/.NET,"Ho Chi Minh City, Vietnam",,,speedyapply_intl,https://jobs.smartrecruiters.com/BoschGroup/744000140816322--internship-program-q4-fullstack-engineer-intern-java-nodejs-python-django-react-net-?oga=true
2026-08-01T14:27:30Z,C,Bosch,Internship Program Q4 Embedded Software Intern - C/C++/Linux,"Ho Chi Minh City, Vietnam",,,speedyapply_intl,https://jobs.smartrecruiters.com/BoschGroup/744000140816919--internship-program-q4-embedded-software-intern-c-c-linux-?oga=true
2026-08-01T14:27:30Z,C,Bosch,Internship Program Q4 DevOps Intern,"Ho Chi Minh City, Vietnam",,,speedyapply_intl,https://jobs.smartrecruiters.com/BoschGroup/744000140817139--internship-program-q4-devops-intern?oga=true
2026-08-01T14:27:30Z,C,Grab,Intern - Software Engineer - Mobile - Android,"Petaling Jaya, Malaysia",,,speedyapply_intl,https://jobs.smartrecruiters.com/Grab/744000140890379-intern-software-engineer-mobile-android-?oga=true
2026-08-01T14:27:30Z,C,RSM,Software Developer Intern - D365 Enablement,,,,speedyapply_intl,https://rsm.wd1.myworkdayjobs.com/en-US/rsmcareers/job/San-Salvador/Software-Developer-Intern---D365-Enablement_JR120553
2026-08-01T14:27:30Z,C,Enpal,Automation & Software Developer Intern - f/m/x,"Milan, Italy",,,speedyapply_intl,https://jobs.ashbyhq.com/enpal/24ebfa69-5689-49f1-bf69-f7224d6b2ff4
2026-08-01T15:35:19Z,B,Postman,"AI Engineer, Intern","Berkeley, California, United States",Not stated,unknown,zshah101,https://job-boards.greenhouse.io/postman/jobs/7823417003
2026-08-01T16:36:24Z,C,HPR (Hyannis Port Research),Software Engineering Intern - Summer 2027,"Needham, MA",Summer 2027,unknown,zshah101,https://job-boards.greenhouse.io/hyannisportresearch/jobs/7822989003
2026-08-02T13:51:00Z,C,Medtronic,Software Engineering Intern - Summer 2027,"Fridley, MN +20",,,speedyapply,https://medtronic.wd1.myworkdayjobs.com/en-US/medtroniccareers/job/Fridley-Minnesota-United-States-of-America/Software-Engineering-Intern---Summer-2027_R73630-1
2026-08-02T13:51:00Z,C,Ciena,WaveLogic Software - Intern,"Ottawa, Canada",,,speedyapply_intl,https://ciena.wd5.myworkdayjobs.com/en-US/careers/job/Ottawa/WaveLogic-Software---Intern_R031443
2026-08-02T13:51:00Z,C,Tecsys,Stagiaire DevOps - Automne 2026,"Montréal, Canada",,,speedyapply_intl,https://apply.workable.com/tecsys/j/CF92EB3438/
2026-08-03T06:51:27Z,C,JPMorganChase,2027 Code for Good Hackathon - Software Engineer Program - Summer Internship – United States,"Chicago, IL, United States",Summer 2027,unknown,zshah101,https://jpmc.fa.oraclecloud.com/hcmUI/CandidateExperience/en/sites/CX_1/job/210773759
2026-08-03T06:51:27Z,C,JPMorganChase,2027 Data & AI Program - Summer Internship - Analyst - United States,"Chicago, IL, United States",Summer 2027,unknown,zshah101,https://jpmc.fa.oraclecloud.com/hcmUI/CandidateExperience/en/sites/CX_1/job/210773869
2026-08-03T06:51:27Z,C,JPMorganChase,2027 Data for Good Hackathon - Data & AI Program - Summer Internship,"Chicago, IL, United States",Summer 2027,unknown,zshah101,https://jpmc.fa.oraclecloud.com/hcmUI/CandidateExperience/en/sites/CX_1/job/210775223
2026-08-03T06:51:27Z,C,Copart,Software Engineering Intern,"Dallas, TX - Headquarters",Not stated,unknown,zshah101,https://copart.wd12.myworkdayjobs.com/copart/job/Dallas-TX---Headquarters/Software-Engineering-Intern_JR110353
2026-08-03T10:32:41Z,A,Tesla,"Software Compiler Engineer Intern, AI Inference","Palo Alto, CA",Fall,Other,vanshb03,https://www.tesla.com/careers/search/job/278847
2026-08-03T10:32:41Z,C,Motorola,"Intern - Embedded Software, System, and Test Engineer - 2026","Irvine, CA",Fall 2026,citizens-only,zshah101,https://motorolasolutions.wd5.myworkdayjobs.com/Careers/job/Irvine-CA/Intern---Embedded-Software--System--and-Test-Engineer---2026_R62372
2026-08-03T16:02:46Z,C,Yotta Labs,Research Engineer Intern - AI Systems,United States,Not stated,unknown,zshah101,https://jobs.ashbyhq.com/yotta/09821a51-fbe6-42a7-a566-0d2b5d40fae3
2026-08-03T16:02:46Z,C,Assurant,Digital & AI Transformation Intern,"Atlanta, GA",Not stated,unknown,zshah101,https://assurant.wd1.myworkdayjobs.com/External_Limited_Posting/job/Atlanta-GA/Digital---AI-Transformation-Intern_R-114103-3
2026-08-03T18:02:46Z,C,Capital One,Software Engineer Intern,"McLean, VA / Plano, TX / Richmond, VA",Summer,Does Not Offer Sponsorship,vanshb03,https://capitalone.wd12.myworkdayjobs.com/en-US/Capital_One/job/Technology-Internship-Program---Summer-2027_R244387-1
2026-08-03T18:02:46Z,C,Capital One,Cyber Security Intern,"McLean, VA / Plano, TX",Summer,Does Not Offer Sponsorship,vanshb03,https://capitalone.wd12.myworkdayjobs.com/en-US/Capital_One/job/Cyber-Security-Internship-Program---Summer-2027_R244319
2026-08-03T18:02:46Z,C,Bosch,AI and SW Development Engineering Intern,"Plymouth, MI, United States",Not stated,unknown,zshah101,https://jobs.smartrecruiters.com/BoschGroup/744000141302469
2026-08-03T18:02:46Z,C,Microchip Technology,Intern-Engineering (Software Development),TX - Houston - Compaq Center Dr,Not stated,unknown,zshah101,https://microchiphr.wd5.myworkdayjobs.com/external/job/TX---Houston---Compaq-Center-Dr/Intern-Engineering--Software-Development-_R3371-26
2026-08-03T19:54:39Z,C,Microchip Technology,Intern-Engineering (Firmware Development),TX - Houston - Compaq Center Dr,Not stated,unknown,zshah101,https://microchiphr.wd5.myworkdayjobs.com/external/job/TX---Houston---Compaq-Center-Dr/Intern-Engineering--Firmware-Development-_R3372-26
2026-08-03T19:54:39Z,C,Netsmart,Software Engineer Intern (Summer 2027 Internship),"Overland Park, KS",Summer 2027,unknown,zshah101,https://ntst.wd1.myworkdayjobs.com/careers/job/Overland-Park-KS/Software-Engineer-Intern--Summer-2027-Internship-_R015667
2026-08-03T20:54:48Z,C,Chicago Trading Company,Software Engineering Internship - Summer 2027,"Chicago, Illinois, United States",Summer 2027,unknown,zshah101,https://job-boards.greenhouse.io/chicagotradingcampus/jobs/4716932005
2026-08-03T20:54:48Z,C,Intel,AI Software Engineer Graduate Intern,Virtual US,Not stated,unknown,zshah101,https://intel.wd1.myworkdayjobs.com/external/job/Virtual-US/AI-Software-Engineer-Graduate-Intern_JR0285989
2026-08-03T21:58:29Z,B,Microsoft,"Software Engineer Intern, CoreAI","Multiple Locations, United States",Summer,Other,vanshb03,https://apply.careers.microsoft.com/careers?query=intern&start=0&location=untied+states&sort_by=relevance&filter_include_remote=1&filter_include_relocation=0
2026-08-03T21:58:29Z,C,IDEXX,Security Operations (Cybersecurity) internship,"Westbrook, ME",Not stated,unknown,zshah101,https://idexx.wd1.myworkdayjobs.com/IDEXX/job/Westbrook-ME/Security-Operations--Cybersecurity--internship_J-053268
2026-08-04T00:09:23Z,C,CNO Financial Group,Artificial Intelligence (AI) IT Intern 2027 - REMOTE,"Carmel, IN",Summer 2027,unknown,zshah101,https://cnoinc.wd5.myworkdayjobs.com/Careers/job/Carmel-IN/Artificial-Intelligence--AI--IT-Intern-2027---REMOTE_JR170389
2026-08-04T00:09:23Z,C,CNO Financial Group,Cyber Security IT Intern - REMOTE,"Carmel, IN",Summer 2027,unknown,zshah101,https://cnoinc.wd5.myworkdayjobs.com/Careers/job/Carmel-IN/Cyber-Security-IT-Intern---REMOTE_JR170419
2026-08-04T13:21:38Z,C,Pentair,IT & Cybersecurity Leadership Development Internship Program -  Summer 2027,"Golden Valley, MN",Summer 2027,no-sponsorship,zshah101,https://pentair.wd5.myworkdayjobs.com/pentair_careers/job/Golden-Valley-MN/IT---Cybersecurity-Leadership-Development-Internship-Program----Summer-2027_R23700
2026-08-04T15:43:18Z,B,American Express,Product Management Intern,"New York, NY",Summer,Does Not Offer Sponsorship,vanshb03,https://egug.fa.us2.oraclecloud.com/hcmUI/CandidateExperience/en/sites/CX_1/job/26011916
2026-08-04T15:43:18Z,A,ByteDance,"Software Engineer Intern, AI Platform","San Jose, CA",Summer,Does Not Offer Sponsorship,vanshb03,https://joinbytedance.com/search/7668212952030841093
2026-08-04T15:43:18Z,B,Samsara,Software Engineering Intern,"San Francisco, CA",Summer,Offers Sponsorship,vanshb03,https://www.samsara.com/company/careers/roles/8082091?gh_jid=8082091
2026-08-04T15:43:18Z,B,ByteDance,"Software Engineer Intern, Distributed NoSQL Database Systems","Seattle, WA",Summer,Other,vanshb03,https://joinbytedance.com/search/7668373268886161669
2026-08-04T15:43:18Z,A,ByteDance,"Software Engineer Intern, Distributed NoSQL Database Systems","San Jose, CA",Summer,Other,vanshb03,https://joinbytedance.com/search/7668374190764050741
2026-08-04T15:43:18Z,C,Microsoft,Product Manager Intern,Remote,Summer,Other,vanshb03,https://apply.careers.microsoft.com/careers/job/1970393556953113
2026-08-04T15:43:18Z,A,TikTok,"Software Engineer Intern, Global Live-Foundation","San Jose, CA",Summer,Does Not Offer Sponsorship,vanshb03,https://lifeattiktok.com/search/7667935150530840837
2026-08-04T15:43:18Z,A,TikTok,"Frontend Engineer Intern, Global CRM","San Jose, CA",Summer,Other,vanshb03,https://lifeattiktok.com/search/7669711026846058757
2026-08-04T15:43:18Z,A,TikTok,"Software Engineer Intern, AI Agent & Global Revenue Platform","San Jose, CA",Summer,Other,vanshb03,https://lifeattiktok.com/search/7669712589169117445
2026-08-04T15:43:18Z,A,TikTok,"Software Engineer Intern, Intelligent Creation-Camera","San Jose, CA",Summer,Other,vanshb03,https://lifeattiktok.com/search/7668862422178318597
2026-08-04T15:43:18Z,A,TikTok,"Software Engineer Intern, Transaction Platform","San Jose, CA",Summer,Other,vanshb03,https://lifeattiktok.com/search/7669943120351906053
2026-08-04T15:43:18Z,A,TikTok,"Backend Software Engineer Intern, Product Infrastructure","San Jose, CA",Summer,Offers Sponsorship,vanshb03,https://lifeattiktok.com/search/7667935633764370741
2026-08-04T15:43:18Z,A,TikTok,Software Engineer Intern,"San Jose, CA",Summer,Other,vanshb03,https://lifeattiktok.com/search/7668725183121000757
2026-08-04T15:43:18Z,A,TikTok,"Backend Software Engineer Intern, Global E-Commerce","San Jose, CA",Summer,Other,vanshb03,https://lifeattiktok.com/search/7668834837268138293
2026-08-04T15:43:18Z,B,TikTok,"Backend Software Engineer Intern, Global E-Commerce","Seattle, WA",Summer,Other,vanshb03,https://lifeattiktok.com/search/7668834837268416821
2026-08-04T15:43:18Z,A,TikTok,"Software Engineer Intern, Ads Interface","San Jose, CA",Summer,Other,vanshb03,https://lifeattiktok.com/search/7669705785962727733
2026-08-04T15:43:18Z,A,TikTok,"Software Engineer Intern, Shoot Experience Optimization","San Jose, CA",Summer,Other,vanshb03,https://lifeattiktok.com/search/7668921505254410549
2026-08-04T15:43:18Z,A,TikTok,"Software Engineer Intern, Global CRM","San Jose, CA",Summer,Other,vanshb03,https://lifeattiktok.com/search/7669711844487399685
2026-08-04T15:43:18Z,A,TikTok,"Software Engineer Intern, Trust and Safety-Engineering","San Jose, CA",Summer,Does Not Offer Sponsorship,vanshb03,https://lifeattiktok.com/search/7662700594251958581
2026-08-04T15:43:18Z,B,TikTok,"Software Engineer Intern, Trust and Safety-Engineering","Seattle, WA",Summer,Does Not Offer Sponsorship,vanshb03,https://lifeattiktok.com/search/7662684280234232117
2026-08-04T15:43:18Z,A,TikTok,"Backend Software Engineer Intern, Social Foundation","San Jose, CA",Summer,Other,vanshb03,https://lifeattiktok.com/search/7667935565120112949
2026-08-04T15:43:18Z,A,TikTok,"Software Engineer Intern, Growth Innovation","San Jose, CA",Summer,Other,vanshb03,https://lifeattiktok.com/search/7667934860750063925
2026-08-04T15:43:18Z,A,TikTok,"Backend Software Engineer Intern, PGC-Digital Content Center","San Jose, CA",Summer,Does Not Offer Sponsorship,vanshb03,https://lifeattiktok.com/search/7667934302872537397
2026-08-04T15:43:18Z,A,TikTok,"Software Engineer Intern, TikTok-Social-Friending","San Jose, CA",Summer,Other,vanshb03,https://lifeattiktok.com/search/7667935399050692917
2026-08-04T15:43:18Z,A,TikTok,"Backend Software Engineer Intern, Search","San Jose, CA",Summer,Does Not Offer Sponsorship,vanshb03,https://lifeattiktok.com/search/7667933335084124469
2026-08-04T15:43:18Z,A,TikTok,"Backend Software Engineer Intern, Social Friending","San Jose, CA",Summer,Other,vanshb03,https://lifeattiktok.com/search/7667934635573692725
2026-08-04T15:43:18Z,A,TikTok,"Software Engineer Intern, PGC Creator Strategy",San Jose,Summer,Does Not Offer Sponsorship,vanshb03,https://lifeattiktok.com/search/7667933770819897605
2026-08-04T15:43:18Z,A,TikTok,"Frontend Engineer Intern, TikTok-Open Platform","San Jose, CA",Summer,Other,vanshb03,https://lifeattiktok.com/search/7667935739300792629
2026-08-04T15:43:18Z,A,TikTok,"Software Engineer Intern, Privacy and Security","San Jose, CA",Summer,Offers Sponsorship,vanshb03,https://lifeattiktok.com/search/7667935739300317493
2026-08-04T15:43:18Z,A,TikTok,"Software Engineer Intern, Code Graph and Quality Validation","San Jose, CA",Summer,Does Not Offer Sponsorship,vanshb03,https://lifeattiktok.com/search/7667935738376227077
2026-08-04T15:43:18Z,B,TikTok,"Software Engineer Intern, Data Arch - E-commerce","Seattle, WA",Summer,Offers Sponsorship,vanshb03,https://lifeattiktok.com/search/7668582146236631349
2026-08-04T15:43:18Z,A,TikTok,"Software Engineer Intern, Agentic Creation-Effect Platform","San Jose, CA",Summer,Offers Sponsorship,vanshb03,https://lifeattiktok.com/search/7668445566565321013
2026-08-04T15:43:18Z,A,TikTok,"Software Engineer Intern, Business Integrity","San Jose, CA",Summer,Other,vanshb03,https://lifeattiktok.com/search/7668584916620527925
2026-08-04T15:43:18Z,A,TikTok,"Software Engineer Intern, Creative Intelligence and Brand Innovation","San Jose, CA",Summer,Offers Sponsorship,vanshb03,https://lifeattiktok.com/search/7668642761473902901
2026-08-04T15:43:18Z,A,TikTok,"Software Engineer Intern, Ads Measurement Signal and Privacy","San Jose, CA",Summer,Other,vanshb03,https://lifeattiktok.com/search/7668582031916435717
2026-08-04T15:43:18Z,B,TikTok,"Software Engineer Intern, Data Arch - E-commerce","Seattle, WA",Summer,Offers Sponsorship,vanshb03,https://lifeattiktok.com/search/7668582086899763461
2026-08-04T15:43:18Z,A,TikTok,"Frontend Software Engineer Intern, Ads Measurement Signal and Privacy","San Jose, CA",Summer,Other,vanshb03,https://lifeattiktok.com/search/7668584161852229893
2026-08-04T15:43:18Z,A,TikTok,"Software Engineer Intern, TikTok-Agentic Creation-AIGC","San Jose, CA",Summer,Other,vanshb03,https://lifeattiktok.com/search/7668675500744837381
2026-08-04T15:43:18Z,C,RTX,"Software Engineer Intern, Fleet Health Instrumentation","Fullerton, CA",Summer,U.S. Citizenship is Required,vanshb03,https://globalhr.wd5.myworkdayjobs.com/fr-CA/Private_Posting_No_TMP/job/US-CA-FULLERTON-675--1801-Hughes-Dr--BLDG-675/Software-Engineering-Intern--Summer-2027-_01863012
2026-08-04T15:43:18Z,C,RTX,"Software Engineer Intern, Fleet Health Instrumentation","McKinney, TX",Summer,U.S. Citizenship is Required,vanshb03,https://globalhr.wd5.myworkdayjobs.com/fr-CA/Private_Posting_No_TMP/job/US-TX-MCKINNEY-513WD--2501-W-University-Dr--WING-D-BLDG/Software-Engineering-Intern--Summer-2027-_01863072
2026-08-04T15:43:18Z,C,GoDaddy,Software Development Engineer Intern,"Tempe, AZ",Summer,Does Not Offer Sponsorship,vanshb03,https://job-boards.greenhouse.io/eventsandinterns/jobs/7820942003
2026-08-04T17:20:29Z,C,Diversified Automation,Software Engineering Co-op,"Louisville, KY",Not stated,unknown,zshah101,https://jobs.lever.co/diversified-automation/827a092d-b8a3-4ca9-a84a-e8c236d1aabc
2026-08-04T19:02:59Z,C,Thales,AppSec Product Support Intern,Texas,Not stated,unknown,zshah101,https://thales.wd3.myworkdayjobs.com/careers/job/Texas/AppSec-Product-Support-Intern_R0328978-1
2026-08-05T04:47:55Z,C,Motorola,"Intern - Embedded Software, System, and Test Engineer - 2026","Irvine, CA",Fall 2026,citizens-only,zshah101,https://motorolasolutions.wd5.myworkdayjobs.com/Careers/job/Irvine-CA/Intern---Embedded-Software--System--and-Test-Engineer---2026_R62372
2026-08-05T10:15:01Z,B,Boeing,Data Analytics Intern,"Everett, WA / Saint Charles, MO / Huntsville, AL / Charleston, SC / Oklahoma City, OK / Berkeley, MO / Huntington Beach, CA / Hazelwood, MO / El Segundo, CA / Herndon, VA / Plano, TX / Arlington, VA / Ridley Park, PA / Tukwila, WA / North Charleston, SC / Fairfax, VA / Colorado Springs, CO / Chicago, IL / Seal Beach, CA / Mukilteo, WA / Long Beach, CA / Atlanta, GA / Renton, WA / Dallas, TX / Seattle, WA / Auburn, WA / Bellevue, WA / San Antonio, TX / Kent, WA / Mesa, AZ / Tukwila, WA",Summer,Does Not Offer Sponsorship,vanshb03,https://boeing.wd1.myworkdayjobs.com/en-US/EXTERNAL_CAREERS/details/Boeing-Summer-2027-Internship-Program--Paid----Data-Analytics-Intern_JR2026520976-1?q=JR2026520976
2026-08-05T14:43:19Z,B,Microsoft,Research Intern - Firmware Security,"Washington, DC",,,speedyapply,https://apply.careers.microsoft.com/careers/job/1970393556955518
2026-08-05T14:43:19Z,B,Microsoft,Software Engineer: Data Platform/Analytics Intern Opportunities for University Students - Redmond,"Washington, DC",,,speedyapply,https://apply.careers.microsoft.com/careers/job/1970393556922931
2026-08-05T14:43:19Z,B,Microsoft,Software Engineer: Fullstack Product - Web + Services Intern Opportunities for University Students,"Washington, DC",,,speedyapply,https://apply.careers.microsoft.com/careers/job/1970393556922922
2026-08-05T14:43:19Z,B,Microsoft,Software Engineer: Cloud & Distributed Backend Intern Opportunities for University Students - Redmond,"Washington, DC",,,speedyapply,https://apply.careers.microsoft.com/careers/job/1970393556922923
2026-08-05T14:43:19Z,B,Microsoft,Software Engineer: AI/ML & LLM Intern Opportunities for University Students - Redmond,"Washington, DC",,,speedyapply,https://apply.careers.microsoft.com/careers/job/1970393556922929
2026-08-05T14:43:19Z,B,Microsoft,Software Engineer: Security & Identity Intern Opportunities for University Students - Redmond,"Washington, DC",,,speedyapply,https://apply.careers.microsoft.com/careers/job/1970393556922930
2026-08-05T14:43:19Z,B,Microsoft,Software Engineer: Intern Opportunities for University Students - CoreAI,"Washington, DC",,,speedyapply,https://apply.careers.microsoft.com/careers/job/1970393556951950
2026-08-05T14:43:19Z,B,TikTok,Software Development Engineer in Test Intern - Global E-Commerce - 2027 Summer,"Seattle, WA",,,speedyapply,https://lifeattiktok.com/search/7668837276597127477
2026-08-05T14:43:19Z,A,TikTok,Software Development Engineer in Test Intern - Global E-Commerce - 2027 Summer,"San Jose, CA",,,speedyapply,https://lifeattiktok.com/search/7668837275459324213
2026-08-05T14:43:19Z,A,TikTok,Software Engineer Intern - Ads Infrastructure - 2027 Summer,"San Jose, CA",,,speedyapply,https://lifeattiktok.com/search/7668581636242016565
2026-08-05T14:43:19Z,C,TikTok,Software Engineer Intern - ML Infra - 2027 Start - PhD,"San Jose, CA",,,speedyapply,https://lifeattiktok.com/search/7668696895234197813
2026-08-05T14:43:19Z,A,TikTok,Software Development Engineer in Test Intern（TikTok-Testing）- 2027 Summer,"San Jose, CA",,,speedyapply,https://lifeattiktok.com/search/7667934759481526581
2026-08-05T14:43:19Z,C,Corpay,Web Application Developer Intern,"Louisville, KY",,,speedyapply,https://jobs.dayforcehcm.com/en-US/corpay/candidateportal/jobs/55812
2026-08-05T14:43:19Z,B,DensityAI,Technical Intern- Software - Fall 2026,"Mountain View, CA",,,speedyapply,https://job-boards.greenhouse.io/densityai/jobs/4336452009
2026-08-05T14:43:19Z,C,GDIT,Summer 2027 Software Developer Internship,USA,,,speedyapply,https://gdit.wd5.myworkdayjobs.com/en-US/external_career_site/job/USA-MD-Annapolis-Junction/Summer-2027-Software-Developer-Internship_RQ225717-1
2026-08-05T14:43:19Z,C,Persona AI,Autonomy Software Engineering Internship - World Modeling,"Houston, TX",,,speedyapply,https://jobs.ashbyhq.com/persona.ai/fd514a3f-4138-48d5-9862-05ff74a4ca08
2026-08-05T14:43:19Z,C,SpaceX,Summer 2027 Software Engineering Internship/Co-op,"Bastrop, TX +6",,,speedyapply,https://boards.greenhouse.io/spacex/jobs/8621757002?gh_jid=8621757002
2026-08-05T14:43:19Z,C,SpaceX,Spring 2027 Software Engineering Internship/Co-op,"Bastrop, TX +6",,,speedyapply,https://boards.greenhouse.io/spacex/jobs/8621756002?gh_jid=8621756002
2026-08-05T14:43:19Z,B,Intel,AI Software Engineer Graduate Intern,Remote - USA,,,speedyapply,https://intel.wd1.myworkdayjobs.com/en-US/external/job/Virtual-US/AI-Software-Engineer-Graduate-Intern_JR0285989
2026-08-05T14:43:19Z,C,Microchip,Intern-Engineering - Firmware Development,"Houston, TX",,,speedyapply,https://microchiphr.wd5.myworkdayjobs.com/en-US/external/job/TX---Houston---Compaq-Center-Dr/Intern-Engineering--Firmware-Development-_R3372-26
2026-08-05T14:43:19Z,C,Microchip,Intern-Engineering - Software Development,"Houston, TX",,,speedyapply,https://microchiphr.wd5.myworkdayjobs.com/en-US/external/job/TX---Houston---Compaq-Center-Dr/Intern-Engineering--Software-Development-_R3371-26
2026-08-05T14:43:19Z,C,Netsmart,Cloud Engineer Future - Summer 2027 Internship,"Overland Park, KS",,,speedyapply,https://ntst.wd1.myworkdayjobs.com/en-US/careers/job/Overland-Park-KS/Cloud-Engineer-Future---Summer-2027-Internship-_R015668
2026-08-05T14:43:19Z,C,Netsmart,Software Engineer Intern - Summer 2027 Internship,"Overland Park, KS",,,speedyapply,https://ntst.wd1.myworkdayjobs.com/en-US/careers/job/Overland-Park-KS/Software-Engineer-Intern--Summer-2027-Internship-_R015667
2026-08-05T14:43:19Z,C,SRI International,Drexel University Co-op: Embedded Software Engineering,"Princeton, NJ",,,speedyapply,https://careers-sri.icims.com/jobs/6431/drexel-university-co-op%3a-embedded-software-engineering/job
2026-08-05T14:43:19Z,C,Uline,Business Intelligence Developer Internship - Summer 2027,"Pleasant Prairie, WI +4",,,speedyapply,https://uline.wd1.myworkdayjobs.com/en-US/uline_careers/job/Pleasant-Prairie-WI/Business-Intelligence-Developer-Internship---Summer-2027_R265685
2026-08-05T14:43:19Z,C,Uline,Software Development Internship - Summer 2027,"Pleasant Prairie, WI +4",,,speedyapply,https://uline.wd1.myworkdayjobs.com/en-US/uline_careers/job/Pleasant-Prairie-WI/Software-Development-Internship---Summer-2027_R265684
2026-08-05T14:43:19Z,C,Copart,Software Engineering Intern,"Dallas, TX",,,speedyapply,https://copart.wd12.myworkdayjobs.com/en-US/copart/job/Dallas-TX---Headquarters/Software-Engineering-Intern_JR110353
2026-08-05T14:43:19Z,C,Medtronic,Software Engineering Intern - Summer 2027,"Fridley, MN +20",,,speedyapply,https://medtronic.wd1.myworkdayjobs.com/en-US/redeploymentmedtroniccareers/job/Fridley-Minnesota-United-States-of-America/Software-Engineering-Intern---Summer-2027_R73630
2026-08-05T14:43:19Z,B,TikTok,Software Test Engineer Intern - AI - 2027 Start,Singapore,,,speedyapply_intl,https://lifeattiktok.com/search/7670062655184308533
2026-08-05T14:43:19Z,B,TikTok,Site Reliability Engineer Intern - Global SRE- GMPT - 2027 Start,Singapore,,,speedyapply_intl,https://lifeattiktok.com/search/7668635915812342069
2026-08-05T14:43:19Z,B,TikTok,AI Full-Stack Engineer Intern - TikTok Shop - SEA - 2027 Start,Singapore,,,speedyapply_intl,https://lifeattiktok.com/search/7668566238498408709
2026-08-05T14:43:19Z,B,TikTok,Backend Engineer Intern - TikTok Shop - Europe - 2027 Start,Singapore,,,speedyapply_intl,https://lifeattiktok.com/search/7668567025010690357
2026-08-05T14:43:19Z,B,TikTok,Software Engineer Intern - TikTok Recommendation Architecture - 2027 Start,Singapore,,,speedyapply_intl,https://lifeattiktok.com/search/7667908293442275589
2026-08-05T14:43:19Z,B,TikTok,Software Engineer Intern - TikTok Recommendation Platform - 2027 Start,Singapore,,,speedyapply_intl,https://lifeattiktok.com/search/7667911731242420533
2026-08-05T14:43:19Z,B,TikTok,Software Engineer Intern - TikTok Global E-Commerce Recommendation & Search Architecture - 2027 Start,Singapore,,,speedyapply_intl,https://lifeattiktok.com/search/7667912295692093749
2026-08-05T14:43:19Z,B,TikTok,Software Engineer Intern - TikTok Live Recommendation Architecture - 2027 Start,Singapore,,,speedyapply_intl,https://lifeattiktok.com/search/7667916202236348725
2026-08-05T14:43:19Z,B,TikTok,Software Engineer Intern - TikTok Search Architecture - 2027 Start,Singapore,,,speedyapply_intl,https://lifeattiktok.com/search/7667920559239317765
2026-08-05T14:43:19Z,B,TikTok,Backend Engineer Intern - Data Platform - Global E-Commerce - 2027 Start,Singapore,,,speedyapply_intl,https://lifeattiktok.com/search/7664888369046620469
2026-08-05T14:43:19Z,B,TikTok,Frontend Software Engineer Intern - Global Live Transaction - 2027 Start,Singapore,,,speedyapply_intl,https://lifeattiktok.com/search/7664843924874004741
2026-08-05T14:43:19Z,B,TikTok,Backend Software Engineer Intern - Global LIVE Transaction - 2027 Start,Singapore,,,speedyapply_intl,https://lifeattiktok.com/search/7664847124735068421
2026-08-05T14:43:19Z,B,TikTok,Backend Software Engineer Intern - Global LIVE Fund Safety - 2027 Start,Singapore,,,speedyapply_intl,https://lifeattiktok.com/search/7663396538815826229
2026-08-05T14:43:19Z,B,TikTok,Backend Software Engineer Intern - Global LIVE Service Arch - 2027 Start,Singapore,,,speedyapply_intl,https://lifeattiktok.com/search/7663383164115437877
2026-08-05T14:43:19Z,B,TikTok,Backend Software Engineer Intern - Global LIVE Data Platform - 2027 Start,Singapore,,,speedyapply_intl,https://lifeattiktok.com/search/7663398719949687045
2026-08-05T14:43:19Z,B,TikTok,iOS Software Engineer Intern - TikTok Live Foundation - 2027 start,"Sydney, Australia",,,speedyapply_intl,https://lifeattiktok.com/search/7661940129289947397
2026-08-05T14:43:19Z,B,Jane Street,Software Engineer Summer Internship,"London, United Kingdom",,,speedyapply_intl,https://www.janestreet.com/join-jane-street/position/8589868002
2026-08-05T14:43:19Z,C,LSEG,Engineering Intern - Software Engineer,"Colombo, Sri Lanka",,,speedyapply_intl,https://lseg.wd3.myworkdayjobs.com/en-US/careers/job/Colombo-Sri-Lanka/Engineering-Intern---Software-Engineer_R0122197-2
2026-08-05T14:43:19Z,C,LSEG,Engineering Intern - DevOps,"Colombo, Sri Lanka",,,speedyapply_intl,https://lseg.wd3.myworkdayjobs.com/en-US/careers/job/Colombo-Sri-Lanka/Engineering-Intern---DevOps_R0122196-2
2026-08-05T14:43:19Z,C,ALTEN,Stage Innovation : Ingénieur Réseaux & DevOps,"Sèvres, France",,,speedyapply_intl,https://jobs.smartrecruiters.com/ALTEN/744000141427799-stage-innovation-ingenieur-reseaux-devops?oga=true
2026-08-05T14:43:19Z,C,Arlo,Firmware Developer Co-op,"Richmond, Canada",,,speedyapply_intl,https://arlo.wd12.myworkdayjobs.com/en-US/external_careers/job/Richmond-BC-Canada/Firmware-Developer-Co-op_JR100404
2026-08-05T14:43:19Z,C,Bosch,Werkstudent im Bereich Embedded Software - Smart Home / IoT - w/m/div.,Botswana,,,speedyapply_intl,https://jobs.smartrecruiters.com/BoschGroup/744000141464459-werkstudent-im-bereich-embedded-software-smart-home-iot-w-m-div-?oga=true
2026-08-05T14:43:19Z,C,Bosch,Pflichtpraktikum in der Full-Stack-Entwicklung zur Release-Automatisierung von Embedded-Middleware-Software im Automobilbereich - w/m/div.,Botswana,,,speedyapply_intl,https://jobs.smartrecruiters.com/BoschGroup/744000141479585-pflichtpraktikum-in-der-full-stack-entwicklung-zur-release-automatisierung-von-embedded-middleware-software-im-automobilbereich-w-m-div-?oga=true
2026-08-05T14:43:19Z,C,Bosch,Mandatory Internship Full-Stack Development for Release Automation of Automotive Embedded Middleware Software,Botswana,,,speedyapply_intl,https://jobs.smartrecruiters.com/BoschGroup/744000141476667-mandatory-internship-full-stack-development-for-release-automation-of-automotive-embedded-middleware-software?oga=true
2026-08-05T14:43:19Z,C,Branch International,Software Engineer Intern,,,,speedyapply_intl,http://branchinternational.applytojob.com/apply/GQyFYPULmb/Software-Engineer-Intern
2026-08-05T14:43:19Z,C,Branch International,Android Engineer Intern,,,,speedyapply_intl,http://branchinternational.applytojob.com/apply/9BvhQMLU6E/Android-Engineer-Intern
2026-08-05T14:43:19Z,C,Motorola Solutions,Intern Software Developer - C++,"Kraków, Poland",,,speedyapply_intl,https://motorolasolutions.wd5.myworkdayjobs.com/en-US/careers/job/Krakow-Poland/Intern-Software-Developer--C---_R66285
2026-08-05T14:43:19Z,C,Rocket Lab,Software Engineering Intern - Production Automation,"Auckland, New Zealand",,,speedyapply_intl,https://job-boards.greenhouse.io/rocketlab/jobs/7819677003
2026-08-05T14:43:19Z,C,Avanade,Avanade Campus: Prácticas en Software Engineering con Tecnologías Microsoft Octubre 2026 100% Presencial Sevilla,"Sevilla, Spain +1",,,speedyapply_intl,https://accenture.wd103.myworkdayjobs.com/en-US/avanadecareers/job/Sevilla-Bluenet/Avanade-Campus--Prcticas-en-Software-Engineering-con-Tecnologas-Microsoft-Octubre-2026-100--Presencial-Sevilla_R00348672
2026-08-05T14:43:19Z,C,Bosch,EPM DevOps Intern,"Tân Bình, Vietnam",,,speedyapply_intl,https://jobs.smartrecruiters.com/BoschGroup/744000141188150--epm-devops-intern?oga=true
2026-08-05T14:43:19Z,C,Brown Brothers Harriman,Technology Internship - Software Engineer with Java,"Kraków, Poland",,,speedyapply_intl,https://bbh.wd5.myworkdayjobs.com/en-US/bbh/job/Krakow/Technology-Internship---Software-Engineer-with-Java_72290
2026-08-05T14:43:19Z,C,Chegg,Intern - Cloud Operations Engineering,"Delhi, India",,,speedyapply_intl,https://osv-chegg.wd5.myworkdayjobs.com/en-US/chegg/job/Jasola-New-Delhi/Intern---AI-Native-Software-Engineering_R5338-1
2026-08-05T14:43:19Z,C,Rocket Lab,Flight Analysis Intern - Software,"Auckland, New Zealand",,,speedyapply_intl,https://job-boards.greenhouse.io/rocketlab/jobs/7819877003
2026-08-05T14:43:19Z,C,Rocket Lab,Flight Software Intern - Neutron,"Auckland, New Zealand",,,speedyapply_intl,https://job-boards.greenhouse.io/rocketlab/jobs/7819872003
2026-08-05T14:43:19Z,C,ShopBack,Software Engineer Intern - Backend - H1 2027,"Singapore, Singapore",,,speedyapply_intl,https://jobs.lever.co/shopback-2/1804a30e-2d2e-4631-9e85-614c91806ddf
2026-08-05T14:43:19Z,B,Alida,Software Engineering Intern,"Toronto, Canada",,,speedyapply_intl,http://alida.applytojob.com/apply/q6NyTFJMFJ/Software-Engineering-Intern
2026-08-05T14:43:19Z,C,Thales,ALTERNANCE - Ingénieur IA - Cloud & Infrastructure Sécurisée - F/H,"Gennevilliers, France",,,speedyapply_intl,https://thales.wd3.myworkdayjobs.com/en-US/careers/job/Gennevilliers/Alternance---Ingnieur-Systme---Infrastructure-IT---H-F-_R0321471
2026-08-05T14:43:19Z,C,Magna,AI Solutions Developer Co-op - 4 months - Starting September,"Milton, Canada",,,speedyapply_intl,https://magna.wd3.myworkdayjobs.com/en-US/magna/job/Milton-Ontario-CA/AI-Engineering-Co-Op-Student--4-months-_R00252238
2026-08-05T14:43:19Z,C,Plexus,Intern - Software development,"Guadalajara, Mexico",,,speedyapply_intl,https://plexus.wd504.myworkdayjobs.com/en-US/plexus_careers/job/Guadalajara-Mexico/Intern---Manufacturing--Automation---C--_R040240
2026-08-05T14:43:19Z,C,Magna,Werkstudent im Bereich Software Engineering für visuelle Inspektion - w/m/x,,,,speedyapply_intl,https://magna.wd3.myworkdayjobs.com/en-US/magna/job/St-Valentin-AT/Werkstudent-im-Bereich-Software-Engineering-fr-visuelle-Inspektion--w-m-x-_R00252173-1
2026-08-05T14:43:19Z,C,ZEISS,Werkstudent Repair Software Application Engineering - m/w/x,"Roßdorf, Germany",,,speedyapply_intl,https://zeissgroup.wd3.myworkdayjobs.com/en-US/external/job/Rodorf/Werkstudent-Repair-Software-Application-Engineering--m-w-x-_JR_1051250
2026-08-05T14:43:19Z,C,Tencent,Software Engineering Intern,,,,speedyapply_intl,https://tencent.wd1.myworkdayjobs.com/en-US/tencent_careers/job/United-Kingdom-London/Software-Engineering-Intern_R107162-1
2026-08-05T14:43:19Z,C,Thales,Estágio em Desenvolvimento de Software,"Barueri, Brazil",,,speedyapply_intl,https://thales.wd3.myworkdayjobs.com/en-US/careers/job/Barueri/Estgio-em-Desenvolvimento-de-Software_R0332383-1
2026-08-05T14:43:19Z,C,CHANEL,Alternance - DevOps - Software Factory - Tech Engineering - Mode - Septembre 2026 - H/F/X,"Paris, France",,,speedyapply_intl,https://cc.wd3.myworkdayjobs.com/en-US/chanelcareers/job/Paris/Alternance---DevOps---Software-Factory---Tech-Engineering---Mode---Septembre-2026----H-F-X-_JOBREQ00114479
2026-08-05T14:43:19Z,C,Avanade,Avanade Campus: Prácticas en Software Engineering con Tecnologías Microsoft Octubre 2026,"Madrid, Spain +1",,,speedyapply_intl,https://accenture.wd103.myworkdayjobs.com/en-US/avanadecareers/job/Madrid-Castellana-85/Avanade-Campus--Prcticas-en-Software-Engineering-con-Tecnologas-Microsoft-Octubre-2026_R00338672
2026-08-05T14:43:19Z,C,Pluxee,Alternant Développeur Fullstack Java / Angular - IA,"Paris, France",,,speedyapply_intl,https://pluxee.wd3.myworkdayjobs.com/en-US/pluxee_career_site/job/Paris/Alternant-Dveloppeur-Fullstack-Java---Angular---IA_R5139
2026-08-05T14:43:19Z,C,Valeo,Prácticas área Software Embebido,"Martos, Spain",,,speedyapply_intl,https://valeo.wd3.myworkdayjobs.com/en-US/valeo_jobs/job/Martos/Prcticas-rea-Software-Embebido_REQ2026074813
2026-08-05T14:43:19Z,C,ZEISS,Praktikant im Bereich Technische Software-Dokumentation - m/w/x,"Braunschweig, Germany",,,speedyapply_intl,https://zeissgroup.wd3.myworkdayjobs.com/en-US/external/job/Braunschweig/Praktikant-im-Bereich-Technische-Software-Dokumentation--m-w-x-_JR_1049210
2026-08-05T14:43:19Z,C,GE Vernova,Alternant- e DevOps dans le domaine de l’embarqué - F/H,"Villeurbanne, France",,,speedyapply_intl,https://gevernova.wd5.myworkdayjobs.com/en-US/only_confidential_executive_recruiting/job/Villeurbanne/Alternant-e--DevOps-dans-le-domaine-de-l-embarqu---F-H_R5040304-1
2026-08-05T18:00:15Z,B,Roblox,[Summer 2027] Software Engineer Intern,"San Mateo, CA, United States",Summer 2027,unknown,zshah101,https://careers.roblox.com/jobs/8072713?gh_jid=8072713
2026-08-05T20:57:05Z,C,JPMorganChase,2027 Data & AI Program - Summer Internship - Analyst - United States,"Chicago, IL, United States",Summer 2027,unknown,zshah101,https://jpmc.fa.oraclecloud.com/hcmUI/CandidateExperience/en/sites/CX_1/job/210773869
2026-08-05T20:57:05Z,B,NVIDIA,"Software Engineering Intern, Dynamo - Fall 2026","US, CA, Santa Clara",Fall 2026,unknown,zshah101,https://nvidia.wd5.myworkdayjobs.com/NVIDIAExternalCareerSite/job/US-CA-Santa-Clara/Software-Engineering-Intern--Dynamo---Fall-2026_JR2022295
2026-08-05T22:08:13Z,C,Draper,Embedded Quality & Fielded Systems Intern,"Cambridge, MA",Not stated,unknown,zshah101,https://draper.wd5.myworkdayjobs.com/Draper_Careers/job/Cambridge-MA/Embedded-Quality---Fielded-Systems-Intern_JR002718
2026-08-05T22:08:13Z,C,Regions Bank,"2027 ETP Intern – Corporate Banking Group, Commercial Credit Products, Mobile, AL","Mobile, AL - RSA Tower",Summer 2027,no-sponsorship,zshah101,https://regions.wd5.myworkdayjobs.com/regions_careers/job/Mobile-AL---RSA-Tower/XMLNAME-2027-ETP-Intern---Corporate-Banking-Group--Commercial-Credit-Products--Mobile--AL_R104975
2026-08-06T00:48:26Z,C,Northrop Grumman,2027 Intern Software Engineer,United States-Florida-Melbourne,Summer 2027,citizens-only,zshah101,https://ngc.wd1.myworkdayjobs.com/Northrop_Grumman_External_Site/job/United-States-Florida-Melbourne/XMLNAME-2027-Intern-Software-Engineer_R10243573
2026-08-06T15:37:54Z,A,ByteDance,"AI Network Automation Engineer Intern, Global Physical Network Infra","San Jose, CA",Summer,Other,vanshb03,https://joinbytedance.com/search/7670690923748870405
2026-08-06T15:37:54Z,A,ByteDance,GPU/AI Application System Software Engineer Intern,"San Jose, CA",Summer,Other,vanshb03,https://joinbytedance.com/search/7668464504736876853
2026-08-06T15:37:54Z,A,ByteDance,Applied Machine Learning Production Engineer Intern,"San Jose, CA",Summer,Other,vanshb03,https://joinbytedance.com/search/7670009669494704437
2026-08-06T15:37:54Z,C,Canva,PhD Research Scientist Intern,"San Francisco, CA",Fall,Other,vanshb03,https://jobs.smartrecruiters.com/Canva/6000000001291655-phd-research-scientist-intern
2026-08-06T15:37:54Z,C,Chicago Trading Company,Quant Trading Intern,"Chicago, IL",Summer,Other,vanshb03,https://job-boards.greenhouse.io/chicagotradingcampus/jobs/4716930005
2026-08-06T15:37:54Z,C,DV Group,Quantitative Risk Intern,"Chicago, IL",Summer,Other,vanshb03,https://job-boards.greenhouse.io/dvtrading/jobs/4719118005
2026-08-06T15:37:54Z,B,Redwood Materials,Test Automation Engineer Intern,"San Francisco, CA",Fall,Other,vanshb03,https://job-boards.greenhouse.io/redwoodmaterials/jobs/6126785004
2026-08-06T15:37:54Z,B,NVIDIA,"Software Engineering Intern, Dynamo","Santa Clara, CA",Fall,Other,vanshb03,https://nvidia.wd5.myworkdayjobs.com/en-US/NVIDIAExternalCareerSite/job/US-CA-Santa-Clara/Software-Engineering-Intern--Dynamo---Fall-2026_JR2022295
2026-08-06T15:37:54Z,C,"Canadian Tire Corporation, Limited",AI Automation Student,"Calgary, AB",Fall,Other,vanshb03,https://canadiantirecorporation.wd3.myworkdayjobs.com/en-US/Enterprise_External_Careers_Site/job/Calgary-AB/AI-Automation-Student--4-months----Fall-2026_JR163947
2026-08-06T15:37:54Z,C,SpaceX,"Software Engineer Intern, Fleet Health Instrumentation",Remote,Spring,U.S. Citizenship is Required,vanshb03,https://job-boards.greenhouse.io/spacex/jobs/8621756002
2026-08-06T15:37:54Z,A,Shopify,Software Engineering Intern,Remote,Winter,Does Not Offer Sponsorship,vanshb03,https://www.shopify.com/careers/software-engineering-internships-winter-2027_404bb82e-37f3-4a78-b0f3-12923a7c4856?ashby_jid=404bb82e-37f3-4a78-b0f3-12923a7c4856
2026-08-06T15:37:54Z,C,impact.com,Associate Software Engineer intern,"Santa Barbara, CA",Not stated,unknown,zshah101,https://job-boards.greenhouse.io/impact/jobs/8645964002
2026-08-06T15:37:54Z,C,KBR,Software Intern,"Houston, Texas",Not stated,unknown,zshah101,https://kbr.wd5.myworkdayjobs.com/KBR_Careers/job/Houston-Texas/Software-Intern_R2127863
2026-08-06T15:37:54Z,A,TikTok,Software Engineer Intern - Media Engine - 2027 Summer,"San Jose, CA",,,speedyapply,https://lifeattiktok.com/search/7670295535077427509
2026-08-06T15:37:54Z,A,TikTok,Backend Software Engineer Intern - Creation Platform - 2027 Summer,"San Jose, CA",,,speedyapply,https://lifeattiktok.com/search/7670289874020993285
2026-08-06T15:37:54Z,A,TikTok,Software Engineer Intern - Foundation Platform - 2027 Summer,"San Jose, CA",,,speedyapply,https://lifeattiktok.com/search/7670281449668905269
2026-08-06T15:37:54Z,C,Gulf Management,Software Engineer & Business Systems Intern,"Covington, LA",,,speedyapply,http://gulfmanagement.applytojob.com/apply/pnJkrOYga9/Software-Engineer-Business-Systems-Intern
2026-08-06T15:37:54Z,C,Draper,Embedded Quality & Fielded Systems Intern,"Cambridge, MA",,,speedyapply,https://draper.wd5.myworkdayjobs.com/en-US/draper_careers/job/Cambridge-MA/Embedded-Quality---Fielded-Systems-Intern_JR002718
2026-08-06T15:37:54Z,C,GDIT,Summer 2027 Software Developer Internship,USA,,,speedyapply,https://gdit.wd5.myworkdayjobs.com/en-US/external_career_site/job/USA-MD-Annapolis-Junction/Summer-2027-Software-Developer-Internship_RQ225450-1
2026-08-06T15:37:54Z,C,Northrop Grumman,2027 Intern Software Engineer,"Melbourne, FL",,,speedyapply,https://ngc.wd1.myworkdayjobs.com/en-US/northrop_grumman_external_site/job/United-States-Florida-Melbourne/XMLNAME-2027-Intern-Software-Engineer_R10243573
2026-08-06T15:37:54Z,C,Raytheon,Software Engineering Intern - Summer 2027,"Cedar Rapids, IA",,,speedyapply,https://globalhr.wd5.myworkdayjobs.com/en-US/rec_rtx_ext_gateway/job/US-IA-CEDAR-RAPIDS-182--1100-Cimmie-Ave-Ne--BLDG-182/Software-Engineering-Intern--Summer-2027-_01864033
2026-08-06T15:37:54Z,C,Agilent,AI/ML Software Engineer Intern,,,,speedyapply_intl,https://agilent.wd5.myworkdayjobs.com/en-US/agilent_student_careers/job/China-Shanghai/AI-ML-Software-Engineer-Intern_4036431
2026-08-06T15:37:54Z,C,ASML,Internship - CS Software Engineering team - Tainan,"Tainan, Taiwan",,,speedyapply_intl,https://asml.wd3.myworkdayjobs.com/en-US/asmlext1/job/Tainan-Taiwan/Internship---CS-Software-Engineering-team---Tainan_J-00349596-1
2026-08-06T15:37:54Z,C,Snowflake,Software Engineer Intern - Warsaw Security,"Warsaw, Poland",,,speedyapply_intl,https://jobs.ashbyhq.com/snowflake/fc1923c1-b151-4458-a792-40d58331a5be
2026-08-06T15:37:54Z,C,Tencent,WeChat - Backend Engineer Intern,,,,speedyapply_intl,https://tencent.wd1.myworkdayjobs.com/en-US/tencent_careers/job/Singapore-CapitaSky/WeChat---Backend-Engineer-Intern_R107928
2026-08-06T15:37:54Z,C,ABB,Student Internship: Software Testing,"Łódź, Poland",,,speedyapply_intl,https://abb.wd3.myworkdayjobs.com/en-US/external_career_page/job/Lodz-Lodz-Poland/Student-Internship--Software-Testing_JR00043678
2026-08-06T15:37:54Z,C,Accenture,Software Engineer - C++ Internship Program - She/He/They,"Warsaw, Poland +4",,,speedyapply_intl,https://accenture.wd103.myworkdayjobs.com/en-US/accenturecareers/job/Warsaw/Software-Engineer--C----Internship-Program--She-He-They-_R00349414
2026-08-06T15:37:54Z,C,Accenture,Backend Developer Internship Program - She/He/They,"Warsaw, Poland +5",,,speedyapply_intl,https://accenture.wd103.myworkdayjobs.com/en-US/accenturecareers/job/Warsaw/Backend-Developer-Internship-Program--She-He-They-_R00280950
2026-08-06T15:37:54Z,C,Airbus,Intern - d/f/m within the mission software department,"Donauwörth, Germany",,,speedyapply_intl,https://ag.wd3.myworkdayjobs.com/en-US/airbus/job/Donauwrth/Intern--d-f-m--within-the-mission-software-department_JR10430765
2026-08-06T15:37:54Z,C,Bosch,Mandatory Internship Automotive Networking Innovation & Software-Defined Vehicle Technologies,Botswana,,,speedyapply_intl,https://jobs.smartrecruiters.com/BoschGroup/744000141680290-mandatory-internship-automotive-networking-innovation-software-defined-vehicle-technologies?oga=true
2026-08-06T15:37:54Z,C,Bosch,Pflichtpraktikum im Bereich Softwareentwicklung - Full-Stack,Botswana,,,speedyapply_intl,https://jobs.smartrecruiters.com/BoschGroup/744000141682414-pflichtpraktikum-im-bereich-softwareentwicklung-full-stack-?oga=true
2026-08-06T15:37:54Z,C,Epicor,AI QA Developer Intern,"Bengaluru, India",,,speedyapply_intl,https://epicorsoftware.wd5.myworkdayjobs.com/en-US/epicorjobs/job/India-Bangalore/AI-QA-Developer-Intern_JR105294-1
2026-08-06T15:37:54Z,C,Tencent,Tencent Cloud - Edge Platform Product Solutions Architecture Intern - Singapore,,,,speedyapply_intl,https://tencent.wd1.myworkdayjobs.com/en-US/tencent_careers/job/Singapore-CapitaSky/Tencent-Cloud---Edge-Platform-Product-Solutions-Architecture-Intern---Singapore_R107906
2026-08-07T00:35:51Z,C,Copart,Software Engineering Intern,"Dallas, TX - Headquarters",Not stated,unknown,zshah101,https://copart.wd12.myworkdayjobs.com/copart/job/Dallas-TX---Headquarters/Software-Engineering-Intern_JR109441
2026-08-07T00:35:51Z,C,Centerfield,Frontend Engineer Intern (6 month internship),"Los Angeles, California",Not stated,unknown,zshah101,https://jobs.ashbyhq.com/centerfield/1d7eacc1-37f7-478c-9b0a-fa7974f1a9e4
2026-08-07T00:35:51Z,B,PlusAI,Deep Learning Research Intern — Multimodal BEV Perception,"Santa Clara, CA",Not stated,unknown,zshah101,https://jobs.lever.co/plus-2/2ee24f85-bfa1-47fc-bfe3-fd07521a7b62
2026-08-07T00:35:51Z,C,Nokia,AI R&D Engineer Co-op,United States,Not stated,unknown,zshah101,https://fa-evmr-saasfaprod1.fa.ocs.oraclecloud.com/hcmUI/CandidateExperience/en/sites/CX_1/job/38783
2026-08-07T00:35:51Z,C,Nokia,AI R&D Engineering Co-op,United States,Not stated,unknown,zshah101,https://fa-evmr-saasfaprod1.fa.ocs.oraclecloud.com/hcmUI/CandidateExperience/en/sites/CX_1/job/39287
2026-08-07T00:35:51Z,C,JPMorganChase,2027 Data for Good Hackathon - Data & AI Program - Summer Internship,"Chicago, IL, United States",Summer 2027,unknown,zshah101,https://jpmc.fa.oraclecloud.com/hcmUI/CandidateExperience/en/sites/CX_1/job/210775223
2026-08-07T00:35:51Z,C,Leidos,Application Developer Intern,"Indianapolis, IN",Not stated,citizens-only,zshah101,https://leidos.wd5.myworkdayjobs.com/External/job/Indianapolis-IN/Application-Developer-Intern_R-00188193-1
2026-08-07T00:35:51Z,C,Northrop Grumman,2027 Intern Software Engineer,United States-Florida-Melbourne,Summer 2027,citizens-only,zshah101,https://ngc.wd1.myworkdayjobs.com/Northrop_Grumman_External_Site/job/United-States-Florida-Melbourne/XMLNAME-2027-Intern-Software-Engineer_R10242395
2026-08-07T00:35:51Z,C,Warner Bros.,Bleacher Report Social Programming Intern: LA - Fall 2026,"CA Burbank Bldg. 700, Second Century, Tower 1",Fall 2026,unknown,zshah101,https://warnerbros.wd5.myworkdayjobs.com/global/job/CA-Burbank-Bldg-700-Second-Century-Tower-1/Bleacher-Report-Social-Programming-Intern--LA---Fall-2026_R000107469
2026-08-07T03:37:22Z,C,DRW,Quantitative Trading Analyst Intern,"Chicago, Illinois",Not stated,unknown,zshah101,https://job-boards.greenhouse.io/drweng/jobs/7668776
2026-08-07T03:37:22Z,B,DRW,Quantitative Research Intern,"Chicago, New York City",Not stated,unknown,zshah101,https://job-boards.greenhouse.io/drweng/jobs/7818540
2026-08-07T03:37:22Z,B,Point72,Summer 2027 Quantitative Research Internship,New York,Summer 2027,unknown,zshah101,https://boards.greenhouse.io/point72/jobs/7297642002?gh_jid=7297642002
2026-08-07T03:37:22Z,B,JPMorganChase,2027 Code for Good Hackathon - Software Engineer Program - Summer Internship – United States,"Chicago, IL, United States; Columbus, OH, United States; Houston, TX, United States; Jersey City, NJ, United States; New York, NY, United States; Palo Alto, CA, United States; Plano, TX, United States; Wilmington, DE, United States; Tampa, FL, United States",Summer 2027,unknown,zshah101,https://jpmc.fa.oraclecloud.com/hcmUI/CandidateExperience/en/sites/CX_1/job/210773759
2026-08-07T03:37:22Z,B,JPMorganChase,2027 Data & AI Program - Summer Internship - Analyst - United States,"Chicago, IL, United States; Columbus, OH, United States; Wilmington, DE, United States; Plano, TX, United States; New York, NY, United States; Jersey City, NJ, United States; Newark, DE, United States; Palo Alto, CA, United States",Summer 2027,unknown,zshah101,https://jpmc.fa.oraclecloud.com/hcmUI/CandidateExperience/en/sites/CX_1/job/210773869
2026-08-07T03:37:22Z,B,JPMorganChase,2027 Quantitative Research - Risk and Treasury - Summer Internship - Associate - United States,"New York, NY, United States; Plano, TX, United States; Chicago, IL, United States",Summer 2027,unknown,zshah101,https://jpmc.fa.oraclecloud.com/hcmUI/CandidateExperience/en/sites/CX_1/job/210773978
2026-08-07T03:37:22Z,B,JPMorganChase,2027 Quantitative Research – Markets – Summer Internship - Analyst – United States,"New York, NY, United States",Summer 2027,unknown,zshah101,https://jpmc.fa.oraclecloud.com/hcmUI/CandidateExperience/en/sites/CX_1/job/210774038
2026-08-07T03:37:22Z,B,JPMorganChase,2027 Quantitative Research – Markets – Summer Internship - Associate– United States,"New York, NY, United States",Summer 2027,unknown,zshah101,https://jpmc.fa.oraclecloud.com/hcmUI/CandidateExperience/en/sites/CX_1/job/210774061
2026-08-07T03:37:22Z,B,JPMorganChase,2027 Quantitative Research – Asset Management – Summer Internship – Analyst - United States,"New York, NY, United States",Summer 2027,unknown,zshah101,https://jpmc.fa.oraclecloud.com/hcmUI/CandidateExperience/en/sites/CX_1/job/210774074
2026-08-07T03:37:22Z,B,InfiniteQuant,Quantitative Researcher - Internship - Summer 2027,"New York, NY, United States",Summer 2027,unknown,zshah101,https://jobs.smartrecruiters.com/InfiniteQuant/744000129235439
2026-08-07T03:37:22Z,C,Red Bull,"2026 Internship, Fall - Data Science","Morristown, NJ, United States",Fall 2026,unknown,zshah101,https://jobs.smartrecruiters.com/RedBull/744000139168339
2026-08-07T03:37:22Z,C,Motorola,"Intern - Embedded Software, System, and Test Engineer - 2026","Irvine, CA",Fall 2026,citizens-only,zshah101,https://motorolasolutions.wd5.myworkdayjobs.com/Careers/job/Irvine-CA/Intern---Embedded-Software--System--and-Test-Engineer---2026_R62372
2026-08-07T03:37:22Z,C,Netsmart,Cloud Engineer Future  (Summer 2027 Internship),"Overland Park, KS",Summer 2027,unknown,zshah101,https://ntst.wd1.myworkdayjobs.com/careers/job/Overland-Park-KS/Cloud-Engineer-Future---Summer-2027-Internship-_R015668
2026-08-07T10:51:54Z,C,Louisiana Blue,CW Operational Reporting & Data Analyst Intern,"Corporate - Baton Rouge, LA",Not stated,unknown,zshah101,https://bcbsla.wd1.myworkdayjobs.com/Generation_Blue/job/Corporate---Baton-Rouge-LA/CW-Operational-Reporting---Data-Analyst-Intern_R11907
2026-08-07T10:51:54Z,C,Louisiana Blue,Healthcare Price and Transparency Data Analyst Intern,"Corporate - Baton Rouge, LA",Fall 2026,unknown,zshah101,https://bcbsla.wd1.myworkdayjobs.com/Generation_Blue/job/Corporate---Baton-Rouge-LA/Healthcare-Price-and-Transparency-Data-Analyst-Intern_R11903
2026-08-07T10:51:54Z,C,General Dynamics Information Technology,Summer 2027 Software Developer Internship,USA MD Annapolis Junction,Summer 2027,citizens-only,zshah101,https://gdit.wd5.myworkdayjobs.com/external_career_site/job/USA-MD-Annapolis-Junction/Summer-2027-Software-Developer-Internship_RQ225450-1
2026-08-07T10:51:54Z,C,General Dynamics Information Technology,GDIT 2027 Summer AI / ML Internship,USA VA Falls Church - 3150 Fairview Park Dr (VAS095),Summer 2027,citizens-only,zshah101,https://gdit.wd5.myworkdayjobs.com/external_career_site/job/USA-VA-Falls-Church---3150-Fairview-Park-Dr-VAS095/GDIT-2027-Summer-AI---ML-Internship_RQ225401
2026-08-07T10:51:54Z,C,RTX,Software Engineering Intern (Summer 2027),US-IA-CEDAR RAPIDS-137 ~ 855 35Th St NE ~ BLDG 137,Summer 2027,citizens-only,zshah101,https://globalhr.wd5.myworkdayjobs.com/Private_Posting_No_TMP/job/US-IA-CEDAR-RAPIDS-137--855-35Th-St-NE--BLDG-137/Software-Engineering-Intern--Summer-2027-_01863980-1
2026-08-07T10:51:54Z,B,Tencent,Research Intern – Video World Models (Research & ML Systems),US-California-Palo Alto,Not stated,unknown,zshah101,https://tencent.wd1.myworkdayjobs.com/OA_Huoshui_Platform/job/US-California-Palo-Alto/Research-Intern---Video-World-Models--Research---ML-Systems-_R107752
2026-08-07T13:47:37Z,B,TikTok,Fullstack Software Engineer Intern - Global E-Commerce - 2027 Summer,"Seattle, WA",,,speedyapply,https://lifeattiktok.com/search/7670700387322300677
2026-08-07T13:47:37Z,A,TikTok,Fullstack Software Engineer Intern - Global E-Commerce - 2027 Summer,"San Jose, CA",,,speedyapply,https://lifeattiktok.com/search/7670738362521520437
2026-08-07T13:47:37Z,B,TikTok,Software Engineer Project Intern - Global E-Commerce Search Infrastructure - 2026 Start,"Seattle, WA",,,speedyapply,https://lifeattiktok.com/search/7662594807715072261
2026-08-07T13:47:37Z,B,Kastle,Software Engineer - Intern,"San Francisco, CA",,,speedyapply,https://jobs.ashbyhq.com/kastle/6f32db51-de45-472f-a9c8-d9419d3634ee
2026-08-07T13:47:37Z,B,Terranova,Software Engineering Intern,"Berkeley, CA",,,speedyapply,https://jobs.ashbyhq.com/terranova/a8e5a8d2-4af3-4736-b66e-e0804447f7a0
2026-08-07T13:47:37Z,C,KBR,Software Intern,"Houston, TX",,,speedyapply,https://kbr.wd5.myworkdayjobs.com/en-US/kbr_careers/job/Houston-Texas/Software-Intern_R2127863
2026-08-07T13:47:37Z,C,Northrop Grumman,2027 Intern Software Engineer,"Melbourne, FL",,,speedyapply,https://ngc.wd1.myworkdayjobs.com/en-US/northrop_grumman_external_site/job/United-States-Florida-Melbourne/XMLNAME-2027-Intern-Software-Engineer_R10242395
2026-08-07T13:47:37Z,C,Sargent & Lundy,Software Engineer Intern - Summer 2027,"Chicago, IL",,,speedyapply,https://careers-sargentlundy.icims.com/jobs/25889/software-engineer-intern-%28summer-2027%29/job
2026-08-07T13:47:37Z,C,AlayaCare,Developeur- euse fullstack - Stagiaire - Python,"Montréal, Canada",,,speedyapply_intl,https://alayacare.com/fr-ca/offres-demploi?gh_jid=8687984002
2026-08-07T13:47:37Z,C,AlayaCare,Developer Fullstack - Intern - Python,"Montréal, Canada",,,speedyapply_intl,https://alayacare.com/open-positions?gh_jid=8687981002
2026-08-07T13:47:37Z,C,Bosch,Internship Program Q4 DevOps Intern,"Ho Chi Minh City, Vietnam",,,speedyapply_intl,https://jobs.smartrecruiters.com/BoschGroup/744000142038969--internship-program-q4-devops-intern?oga=true
2026-08-07T13:47:37Z,C,Bosch,Internship Program Q4 Embedded Software Intern - C/C++/Linux,"Ho Chi Minh City, Vietnam",,,speedyapply_intl,https://jobs.smartrecruiters.com/BoschGroup/744000142034720--internship-program-q4-embedded-software-intern-c-c-linux-?oga=true
2026-08-07T13:47:37Z,C,Bosch,Internship Program Q4 Fullstack Engineer Intern - Java/NodeJS/Python/Django/React/.NET,"Ho Chi Minh City, Vietnam",,,speedyapply_intl,https://jobs.smartrecruiters.com/BoschGroup/744000142038989--internship-program-q4-fullstack-engineer-intern-java-nodejs-python-django-react-net-?oga=true
2026-08-07T13:47:37Z,C,Esri,Software Engineering Internship - Survey123,"Melbourne, Australia",,,speedyapply_intl,https://www.esri.com/careers/5204996007?gh_jid=5204996007
2026-08-07T13:47:37Z,C,Rocket Lab,Launch Safety Software Intern,"Auckland, New Zealand",,,speedyapply_intl,https://job-boards.greenhouse.io/rocketlab/jobs/7827254003
2026-08-07T13:47:37Z,B,Terminal,Software Engineering Intern - Data Platform,"Toronto, Canada",,,speedyapply_intl,https://jobs.ashbyhq.com/terminal/d7e128ed-617c-4b9b-9e42-0e909fb25729
2026-08-07T13:47:37Z,B,Terminal,Software Engineering Intern - Backend,"Toronto, Canada",,,speedyapply_intl,https://jobs.ashbyhq.com/terminal/6855293e-a817-4b70-835c-cd57e3bfcfde
2026-08-07T13:47:37Z,C,WATI.io,Frontend Intern - React,"Shenzhen, China",,,speedyapply_intl,https://apply.workable.com/wati-dot-i-o/j/194D961B87/
2026-08-07T13:47:37Z,C,Bosch,EDA Embedded Software Intern,"Hanoi, Vietnam",,,speedyapply_intl,https://jobs.smartrecruiters.com/BoschGroup/744000141876449--eda-embedded-software-intern?oga=true
2026-08-07T13:47:37Z,C,Roche,Software Test Engineer Intern,"Sant Cugat del Vallès, Spain",,,speedyapply_intl,https://roche.wd3.myworkdayjobs.com/en-US/roche-ext/job/Sant-Cugat-del-Valls/Software-Test-Engineer-Intern_202608-120310
2026-08-07T13:47:37Z,C,Samsung,Estágio em Desenvolvimento de Software,"Campinas, Brazil",,,speedyapply_intl,https://sec.wd3.myworkdayjobs.com/en-US/samsung_careers/job/Parque-dos-Resedas-Campinas-Brazil/Estgio-em-Desenvolvimento-de-Software_R119117-1
2026-08-07T18:28:07Z,C,Copart,Software Engineering Intern,"Dallas, TX - Headquarters",Not stated,unknown,zshah101,https://copart.wd12.myworkdayjobs.com/copart/job/Dallas-TX---Headquarters/Software-Engineering-Intern_JR101510
2026-08-07T18:28:07Z,C,Atoms,Software Engineer Intern - Summer 2027,"Los Angeles, CA",Summer 2027,unknown,zshah101,https://job-boards.greenhouse.io/cssmerge/jobs/8687896002
2026-08-07T18:28:07Z,C,The Nuclear Company,Fall 2026 AI Software Engineering Intern,"Washington, DC",Fall 2026,citizens-only,zshah101,https://job-boards.greenhouse.io/thenuclearcompany/jobs/5383113008
2026-08-07T18:28:07Z,C,Belvedere Trading,Software Engineer Intern - Summer 2027,"Chicago, Illinois",Summer 2027,unknown,zshah101,https://jobs.lever.co/belvederetrading/10746b3d-1760-4573-9b63-b93f5a5e4fc0
2026-08-07T18:28:07Z,C,Belvedere Trading,Quantitative Trading Intern - Summer 2027,"Chicago, Illinois",Summer 2027,unknown,zshah101,https://jobs.lever.co/belvederetrading/cbde47db-c60b-4339-a8f4-a8e4f30505ab
2026-08-07T18:28:07Z,C,Copart,Database Engineering Intern,"Dallas, TX - Headquarters",Not stated,unknown,zshah101,https://copart.wd12.myworkdayjobs.com/copart/job/Dallas-TX---Headquarters/Database-Engineering-Intern_JR109636
2026-08-07T18:28:07Z,C,Johnson & Johnson,Software Engineer Coop,"Cincinnati, Ohio, United States of America",Fall 2026,no-sponsorship,zshah101,https://jj.wd5.myworkdayjobs.com/JJ/job/Cincinnati-Ohio-United-States-of-America/Software-Engineer-Coop_R-092820
2026-08-07T19:28:47Z,C,The Nuclear Company,Fall 2026 AI/ML Engineering Intern,"Washington, DC",Fall 2026,citizens-only,zshah101,https://job-boards.greenhouse.io/thenuclearcompany/jobs/5383163008
2026-08-07T19:28:47Z,C,The Nuclear Company,Summer 2027 AI/ML Engineering Intern,"Washington, DC",Summer 2027,citizens-only,zshah101,https://job-boards.greenhouse.io/thenuclearcompany/jobs/5383231008
2026-08-07T19:28:47Z,C,The Nuclear Company,Summer 2027 Software Engineering Intern,"Washington, DC",Summer 2027,citizens-only,zshah101,https://job-boards.greenhouse.io/thenuclearcompany/jobs/5383236008
2026-08-07T19:28:47Z,C,The Nuclear Company,Summer 2027 Data Science Intern,"Washington, DC",Summer 2027,citizens-only,zshah101,https://job-boards.greenhouse.io/thenuclearcompany/jobs/5383244008
2026-08-07T19:28:47Z,C,ACDS,AI Operations Engineer Intern,"Lowell, AR",Not stated,unknown,zshah101,https://jobs.lever.co/acds/e468d15b-69c3-4534-8072-7ff3f85fbf83
2026-08-07T19:28:47Z,C,Duke Energy,Asc Cybersecurity Gov&Risk Analyst - Intern/Co-op Conversion 2027 (Souza),"Charlotte, NC",Summer 2027,unknown,zshah101,https://dukeenergy.wd1.myworkdayjobs.com/search/job/Charlotte-NC/Asc-Cybersecurity-Gov-Risk-Analyst---Intern-Co-op-Conversion-2027--Souza-_R40863
2026-08-07T20:56:03Z,C,General Dynamics Information Technology,Summer 2027 AI/Machine Learning Internship -DC Metro Area,USA VA Falls Church,Summer 2027,citizens-only,zshah101,https://gdit.wd5.myworkdayjobs.com/external_career_site/job/USA-VA-Falls-Church/Summer-2027-AI-Machine-Learning-Internship--DC-Metro-Area_RQ225912
2026-08-07T23:02:01Z,C,Axon,US Software Engineering Internship,"Seattle, Washington, United States",Summer 2027,unknown,zshah101,https://job-boards.greenhouse.io/axontalentcommunity/jobs/7837133003
2026-08-07T23:02:01Z,C,Axon,US Firmware Engineering Internship,"Seattle, Washington, United States",Summer 2027,unknown,zshah101,https://job-boards.greenhouse.io/axontalentcommunity/jobs/7837246003
2026-08-08T10:57:19Z,B,WallStreetQuants,Quantitative Researcher - Internship,"New York, New York, United States",Not stated,unknown,zshah101,https://apply.workable.com/wallstreetquants/j/494E392FD3/
2026-08-08T10:57:19Z,C,WallStreetQuants,Quantitative Trading Intern,"Miami, Florida, United States",Not stated,unknown,zshah101,https://apply.workable.com/wallstreetquants/j/8CB119E789/
2026-08-09T21:33:16Z,C,CNO Financial Group,Artificial Intelligence (AI) IT Intern 2027 - REMOTE,"Carmel, IN",Summer 2027,unknown,zshah101,https://cnoinc.wd5.myworkdayjobs.com/Careers/job/Carmel-IN/Artificial-Intelligence--AI--IT-Intern-2027---REMOTE_JR170389
2026-08-10T14:04:27Z,A,TikTok,Frontend Engineer Intern - Ads Interface - 2027 Summer,"San Jose, CA",,,speedyapply,https://lifeattiktok.com/search/7671211313289398581
2026-08-10T14:04:27Z,B,Trillium,Software Engineer Intern - Summer 2027,"New York City, NY",,,speedyapply,https://www.trlm.com/apply/5207089007?gh_jid=5207089007
2026-08-10T14:04:27Z,C,Varda,Flight Software Internship - Spring 2027,"El Segundo, CA",,,speedyapply,https://job-boards.greenhouse.io/vardaspace/jobs/7824815003
2026-08-10T14:04:27Z,C,Varda,Site Reliability Internship - Spring 2027,"El Segundo, CA",,,speedyapply,https://job-boards.greenhouse.io/vardaspace/jobs/7824814003
2026-08-10T14:04:27Z,A,Microsoft,Software Engineer - Gears of War - The Coalition: Internship Opportunities,"Vancouver, Canada",,,speedyapply_intl,https://apply.careers.microsoft.com/careers/job/1970393556956276
2026-08-10T14:04:27Z,B,Microsoft,Software Engineering INTERN,Israel,,,speedyapply_intl,https://apply.careers.microsoft.com/careers/job/1970393556957962
2026-08-10T14:04:27Z,C,Bosch,Internship Program Q4 Embedded Software Intern - C/C++/Linux,"Ho Chi Minh City, Vietnam",,,speedyapply_intl,https://jobs.smartrecruiters.com/BoschGroup/744000142550969--internship-program-q4-embedded-software-intern-c-c-linux-?oga=true
2026-08-10T14:04:27Z,C,Accenture,AWS DevOps - Terraform Internship Program - She/He/They,"Warsaw, Poland +1",,,speedyapply_intl,https://accenture.wd103.myworkdayjobs.com/en-US/AccentureCareers/job/Warsaw-Sienna-39/AWS-DevOps--Terraform--Internship-Program--She-He-They-_R00328265
2026-08-10T14:04:27Z,C,Accenture,AWS Backend Developer - Python/Node.js Internship Program - She/He/They,"Łódź, Poland +1",,,speedyapply_intl,https://accenture.wd103.myworkdayjobs.com/en-US/AccentureCareers/job/Lodz-University-Business-Park/AWS-Backend-Developer--Python-Nodejs--Internship-Program--She-He-They-_R00311112
2026-08-10T14:04:27Z,C,ALTEN,Ingénieur Développeur Frontend - H/F,"Toulouse, France",,,speedyapply_intl,https://jobs.smartrecruiters.com/ALTEN/744000142128541-ingenieur-developpeur-frontend-h-f-?oga=true
2026-08-10T14:04:27Z,C,Autodesk,Stagiaire en Développement Cloud - Intern Cloud Developer,"Montréal, Canada",,,speedyapply_intl,https://autodesk.wd1.myworkdayjobs.com/en-US/ext/job/Montreal-QC-CAN/Stagiaire-en-Dveloppement-Cloud--Intern-Cloud-Developer_26WD100400
2026-08-10T14:04:27Z,C,Autodesk,Stagiaire en Développement Cloud - Intern Cloud Developer - FCAP,"Montréal, Canada",,,speedyapply_intl,https://autodesk.wd1.myworkdayjobs.com/en-US/ext/job/Montreal-QC-CAN/Stagiaire-en-Dveloppement-Cloud--Intern-Cloud-Developer---FCAP_26WD100406-2
2026-08-10T14:04:27Z,C,Ciena,ON DevOps Intern- Fall 2026,"Ottawa, Canada",,,speedyapply_intl,https://ciena.wd5.myworkdayjobs.com/en-US/careers/job/Ottawa/ON-DevOps-Intern--Fall-2026_R031495
2026-08-10T14:04:27Z,C,Ciena,Software Developer in Test Automation Intern,"Ottawa, Canada",,,speedyapply_intl,https://ciena.wd5.myworkdayjobs.com/en-US/careers/job/Ottawa/Software-Developer-in-Test-Automation-Intern_R031467
2026-08-10T14:04:27Z,C,Ciena,Software Developer Intern - Fall 2026,"Ottawa, Canada",,,speedyapply_intl,https://ciena.wd5.myworkdayjobs.com/en-US/careers/job/Ottawa/Software-Developer-Intern---Fall-2026_R031492
2026-08-10T14:04:27Z,C,Intel,Software Engineer - Intern,"Guadalajara, Mexico",,,speedyapply_intl,https://intel.wd1.myworkdayjobs.com/en-US/external/job/Mexico-Guadalajara/Software-Engineer--Intern-_JR0286207-1
2026-08-10T14:04:27Z,C,Merkle Science,Software Engineer- Intern- Backend,"Bengaluru, India",,,speedyapply_intl,https://jobs.lever.co/merklescience/e663b69b-264a-4bd7-b04d-fb3c0a824a28
2026-08-10T14:04:27Z,B,Rakuten Kobo,Software Quality Assurance Co-op,"Toronto, Canada",,,speedyapply_intl,https://rakuten.wd1.myworkdayjobs.com/en-US/kobo/job/Toronto-Canada/Software-Quality-Assurance-Co-op_1036325
2026-08-10T15:14:34Z,C,Ameren,Cybersecurity Co-Op,"St. Louis, MO",Spring 2027,unknown,zshah101,https://ameren.wd1.myworkdayjobs.com/External/job/St-Louis-MO/Cybersecurity-Co-Op_033868-1
2026-08-10T15:14:34Z,B,ING,Summer 2027 Internship - Tech (Information Security),New York,Summer 2027,unknown,zshah101,https://ing.wd3.myworkdayjobs.com/icsgblcor/job/New-York/Summer-2027-Internship---Tech--Information-Security-_REQ-10119620
2026-08-10T15:14:34Z,B,ING,Summer 2027 Internship - Tech (Infrastructure),New York,Summer 2027,unknown,zshah101,https://ing.wd3.myworkdayjobs.com/icsgblcor/job/New-York/Summer-2027-Internship---Tech--Infrastructure-_REQ-10119621
2026-08-10T17:06:05Z,C,Montenson,AI Intern,"MN, United States",Summer 2027,no-sponsorship,zshah101,https://fa-esgu-saasfaprod1.fa.ocs.oraclecloud.com/hcmUI/CandidateExperience/en/sites/CX_1/job/23339
2026-08-10T18:00:47Z,C,Canadian Solar,"Intern, IT Infrastructure Support","Walnut Creek, CA",Not stated,unknown,zshah101,https://canadiansolar.wd5.myworkdayjobs.com/CanadianSolar/job/Walnut-Creek-CA/Intern--IT-Infrastructure-Support_10001383
2026-08-10T19:13:26Z,C,Booz Allen,AI RAN Telecommunications Engineer Intern,"McLean, VA",Not stated,citizens-only,zshah101,https://bah.wd1.myworkdayjobs.com/bah_jobs/job/McLean-VA/AI-RAN-Telecommunications-Engineer-Intern_R0246415
2026-08-10T23:48:46Z,B,DV Trading,Software Engineer Intern - Summer 2027 (DV Commodities),New York,Summer 2027,unknown,zshah101,https://job-boards.greenhouse.io/dvtrading/jobs/4719119005
2026-08-11T13:38:34Z,B,Figma,Software Engineer Intern - Winter 2027,"San Francisco, CA +1",,,speedyapply,https://boards.greenhouse.io/figma/jobs/6131089004?gh_jid=6131089004
2026-08-11T13:38:34Z,B,TikTok,Software Engineer Intern - Global E-commerce-Search - 2027 Fall,"Seattle, WA",,,speedyapply,https://lifeattiktok.com/search/7670839752644233525
2026-08-11T13:38:34Z,B,TikTok,Software Engineer Intern - Global E-commerce-Search - 2027 Summer,"Seattle, WA",,,speedyapply,https://lifeattiktok.com/search/7670839727059339525
2026-08-11T13:38:34Z,C,Hiebing,AI Agent Developer Intern,"Madison, WI",,,speedyapply,http://hiebing.applytojob.com/apply/GYiQqWe8cL/AI-Agent-Developer-Intern
2026-08-11T13:38:34Z,C,ING,INTERNSHIP SOFTWARE ENGINEER,"Waco, TX +1",,,speedyapply,https://ing.wd3.myworkdayjobs.com/en-US/icsgblcor/job/ACT-Amsterdam---Acanthus/INTERNSHIP-SOFTWARE-ENGINEER_REQ-10119555
2026-08-11T13:38:34Z,C,Rockwell Automation,Spring 2027 Co-op - Embedded Software Engineer - January 2027 - August 2027,"Mayfield Heights, OH",,,speedyapply,https://rockwellautomation.wd1.myworkdayjobs.com/en-US/external_rockwell_automation/job/Mayfield-Heights-Ohio-United-States/Spring-2027-Co-op--Embedded-Software-Engineer--January-2027---August-2027-_R26-3473-1
2026-08-11T13:38:34Z,B,TikTok,Android Software Engineer Intern - Global LIVE Platform - 2027 Start,Singapore,,,speedyapply_intl,https://lifeattiktok.com/search/7672395757573474565
2026-08-11T13:38:34Z,B,TikTok,Mobile Software Engineer Intern - Global Live Revenue - 2027 Start,Singapore,,,speedyapply_intl,https://lifeattiktok.com/search/7672397362020862213
2026-08-11T13:38:34Z,B,DV Trading,Software Engineer Intern - Summer 2027 - DV Commodities,"London, United Kingdom",,,speedyapply_intl,https://job-boards.greenhouse.io/dvtrading/jobs/4719125005
2026-08-11T13:38:34Z,C,Palantir,Forward Deployed Software Engineer - Internship - Commercial,"Seoul, South Korea",,,speedyapply_intl,https://jobs.lever.co/palantir/2ad0ab10-34c3-410d-883b-8052864a95cd
2026-08-11T13:38:34Z,C,ASML,Software Engineering - Mechanical Engineering internship: automated simulation reporting,"Veldhoven, The Netherlands",,,speedyapply_intl,https://asml.wd3.myworkdayjobs.com/en-US/asmlext1/job/Veldhoven-Netherlands/Software-Engineering---Mechanical-Engineering-internship--automated-simulation-reporting_J-00345817
2026-08-11T13:38:34Z,C,Bosch,BSV Embedded Test Engineer Intern - Matlab/Simulink,"Ho Chi Minh City, Vietnam",,,speedyapply_intl,https://jobs.smartrecruiters.com/BoschGroup/744000142568223--bsv-embedded-test-engineer-intern-matlab-simulink-?oga=true
2026-08-11T13:38:34Z,C,Ciena,Development Engine Infrastructure DevOps Co-op - Fall 2026 - 4-12 months,"Ottawa, Canada",,,speedyapply_intl,https://ciena.wd5.myworkdayjobs.com/en-US/careers/job/Ottawa/Development-Engine-Infrastructure-DevOps-Co-op--Fall-2026---4-12-months-_R030773
2026-08-11T13:38:34Z,C,Enterpret,Backend Software Engineering Intern,"Bengaluru, India",,,speedyapply_intl,https://job-boards.greenhouse.io/enterpret/jobs/7847134003
2026-08-11T13:38:34Z,C,Hewlett Packard Enterprise,Backend Intern,"Herzliya, Israel",,,speedyapply_intl,https://hpe.wd5.myworkdayjobs.com/en-US/acjobsite/job/Herzliya-Israel/Backend-Intern_1211019
2026-08-11T13:38:34Z,C,McKesson,Stagiaire en développement logiciel - Automne 2026 - Software Developer Intern - Fall 2026,"Montréal, Canada",,,speedyapply_intl,https://mckesson.wd3.myworkdayjobs.com/en-US/external_careers/job/CAN-QC-Montreal-Ville-Saint-Laurent/Stagiaire-en-dveloppement-logiciel---Automne-2026---Software-Developer-Intern---Fall-2026_JR0151997
2026-08-11T13:38:34Z,C,NXP Semiconductors,AI/ML Algorithm Software Intern,"Shanghai, China +1",,,speedyapply_intl,https://nxp.wd3.myworkdayjobs.com/en-US/careers/job/Shanghai-Pudong/AI-ML-Algorithm-Software-Intern_R-10066056
2026-08-11T13:38:34Z,C,Sysco,Intern - Cloud Services,Sri Lanka,,,speedyapply_intl,https://sysco.wd5.myworkdayjobs.com/en-US/syscocareers/job/Sysco-LABS-----Sri-Lanka/Intern---Cloud-Services_R261547
2026-08-11T15:37:14Z,C,Bosch,"Powertrain Controls Software Engineering Intern (6-Months, Full-Time)","Farmington Hills, MI, United States",Not stated,unknown,zshah101,https://jobs.smartrecruiters.com/BoschGroup/744000142898574
2026-08-11T17:37:22Z,C,Analytic Partners,Software Engineer Co-Op | University of Toronto,"Miami, Florida, United States",Winter 2027,unknown,zshah101,https://jobs.lever.co/analyticpartners/485ae801-3fae-4dc1-950d-445ba990f6c9
2026-08-11T17:37:22Z,C,Analytic Partners,Software Engineer Co-Op | Georgia Tech,"Miami, Florida, United States",Winter 2027,unknown,zshah101,https://jobs.lever.co/analyticpartners/5452f2a3-77ba-4cce-afdd-000351105650
2026-08-11T17:37:22Z,C,Analytic Partners,Software Engineer Co-Op | University of Waterloo,"Miami, Florida, United States",Winter 2027,unknown,zshah101,https://jobs.lever.co/analyticpartners/6303782e-636f-4bac-90cd-051411558b8b
2026-08-11T17:37:22Z,C,Analytic Partners,Software Engineer Co-Op | Northeastern University,"Miami, Florida, United States",Winter 2027,unknown,zshah101,https://jobs.lever.co/analyticpartners/eb778fc4-088f-4c5f-b650-e3042ab1b688
2026-08-11T17:37:22Z,C,Analytic Partners,Software Engineer Co-Op | McGill University,"Miami, Florida, United States",Winter 2027,unknown,zshah101,https://jobs.lever.co/analyticpartners/f4d7b848-878f-4761-be25-3d6e4f4d1a54
2026-08-11T22:02:46Z,B,Sentry,"Software Engineer, Intern (Summer 2027)","San Francisco, California",Summer 2027,unknown,zshah101,https://jobs.ashbyhq.com/sentry/672e2a76-d8e1-49c1-b227-4a189c4e49a1
2026-08-11T22:02:46Z,C,CCC Intelligent Solutions,R&D & Data Science Internship Fall 2026,"Chicago (Green St), IL",Fall 2026,unknown,zshah101,https://cccis.wd1.myworkdayjobs.com/broadbean_external/job/Chicago-Green-St-IL/R-D---Data-Science-Internship-Fall-2026_0014841
2026-08-11T22:59:55Z,C,Copart,Data Analytics Engineer Intern,"Dallas, TX - Headquarters",Not stated,unknown,zshah101,https://copart.wd12.myworkdayjobs.com/copart/job/Dallas-TX---Headquarters/Data-Analytics-Engineer-Intern_JR110584
2026-08-11T23:42:45Z,C,Hewlett Packard (HP),Enterprise Operations Software Internship,"Spring, Texas, United States of America",Summer 2027,no-sponsorship,zshah101,https://hp.wd5.myworkdayjobs.com/ExternalCareerSite/job/Spring-Texas-United-States-of-America/Enterprise-Operations-Software-Internship_3167271-2
2026-08-12T14:31:31Z,C,Marmon Holdings,AI Project Management Intern,"Chicago, IL",Not stated,unknown,zshah101,https://marmon.wd501.myworkdayjobs.com/Marmon_Careers/job/Chicago-IL/AI-Project-Management-Intern_JR0000045089-1
2026-08-12T14:31:31Z,C,Salesforce,Software Engineering Intern - Future Pathways,"California, USA +3",,,speedyapply,https://salesforce.wd12.myworkdayjobs.com/en-US/external_career_site/job/California---San-Francisco/Software-Engineering-Intern---Future-Pathways_JR355842
2026-08-12T14:31:31Z,C,Bosch,Powertrain Controls Software Engineering Intern - 6-Months - Full-Time,"Farmington Hills, MI",,,speedyapply,https://jobs.smartrecruiters.com/BoschGroup/744000142898574-powertrain-controls-software-engineering-intern-6-months-full-time-?oga=true
2026-08-12T14:31:31Z,C,Foxconn Industrial Internet USA,Software Engineering Intern,"Houston, TX",,,speedyapply,http://foxconnggroup.applytojob.com/apply/xf0soVofyI/Software-Engineering-Intern
2026-08-12T14:31:31Z,C,PathAI,Software Engineering Co-op: September - December 2026,"Boston, MA",,,speedyapply,https://www.pathai.com/careers/8623056002?gh_jid=8623056002
2026-08-12T14:31:31Z,C,Blue Origin,2026 Intern Conversion - Aerospace Software Apps Engineer I,"Seattle, WA +8",,,speedyapply,https://blueorigin.wd5.myworkdayjobs.com/en-US/blueorigin/job/Greater-Seattle-Area/XMLNAME-2026-Intern-Conversion---Aerospace-Software-Apps-Engineer-I_R70306
2026-08-12T14:31:31Z,C,Blue Origin,2026 Intern Conversion - Software Development Engineer I,"Seattle, WA +8",,,speedyapply,https://blueorigin.wd5.myworkdayjobs.com/en-US/blueorigin/job/Greater-Seattle-Area/XMLNAME-2026-Intern-Conversion---Software-Development-Engineer-I_R70275
2026-08-12T14:31:31Z,C,General Dynamics Mission Systems,Cybersecurity Software Intern Engineer,"Manassas, VA",,,speedyapply,https://careers-gdms.icims.com/jobs/74257/cybersecurity-software-intern-engineer/job
2026-08-12T14:31:31Z,C,HP,Enterprise Operations Software Internship,"Spring, TX",,,speedyapply,https://hp.wd5.myworkdayjobs.com/en-US/externalcareersite/job/Spring-Texas-United-States-of-America/Enterprise-Operations-Software-Internship_3167271-2
2026-08-12T14:31:31Z,C,Kimley-Horn,Software Developer Intern,"Cary, NC",,,speedyapply,https://careers-kimley-horn.icims.com/jobs/25761/software-developer-intern/job
2026-08-12T14:31:31Z,B,Quantbot Technologies,Software Engineer Summer Internship - 2027 - New York,"New York City, NY",,,speedyapply,https://www.quantbot.com/careers/4299458009?gh_jid=4299458009
2026-08-12T14:31:31Z,B,Quantbot Technologies,Quantitative Developer Internship - 2027 - New York,"New York City, NY",,,speedyapply,https://www.quantbot.com/careers/4341038009?gh_jid=4341038009
2026-08-12T14:31:31Z,C,Automation Anywhere,Software Development Engineer in Test Intern - SDET Intern,"Bengaluru, India",,,speedyapply_intl,https://automationanywhere.wd5.myworkdayjobs.com/en-US/automationanywherejobs/job/IN-Bengaluru/Software-Development-Engineer-in-Test-Intern--SDET-Intern-_JR1474
2026-08-12T14:31:31Z,C,ABB,ABB AI for Finance Challenge: Student Internship for Developers / Engineers,"Kraków, Poland",,,speedyapply_intl,https://abb.wd3.myworkdayjobs.com/en-US/external_career_page/job/Krakow-Lesser-Poland-Poland/ABB-AI-for-Finance-Challenge--Student-Internship-for-Developers---Engineers_JR00038597
2026-08-12T14:31:31Z,C,Autodesk,Intern Software Developer - Stagiaire en Développement Logiciel,"Montréal, Canada",,,speedyapply_intl,https://autodesk.wd1.myworkdayjobs.com/en-US/ext/job/Montreal-QC-CAN/Intern-Software-Developer--Stagiaire-en-Dveloppement-Logiciel_26WD100398-2
2026-08-12T14:31:31Z,C,Cloudflare,Software Engineer Intern - Fall 2026,"Lisbon, Portugal",,,speedyapply_intl,https://boards.greenhouse.io/cloudflare/jobs/8118845?gh_jid=8118845
2026-08-12T14:31:31Z,B,CMiC,Software Engineer Co-op,"Toronto, Canada",,,speedyapply_intl,https://apply.workable.com/cmic/j/63A27830D0/
2026-08-12T14:31:31Z,C,GE HealthCare,Advanced Visualization software engineering intern,,,,speedyapply_intl,https://gehc.wd5.myworkdayjobs.com/en-US/gehc_externalsite/job/HUN02-01-Budapest-Vaci-Greens-C/Advanced-Visualization-software-engineering-intern_R4044596-1
2026-08-12T14:31:31Z,C,Thales,Werkstudent - m/w/d Engineering Cloud,"Berlin, Germany",,,speedyapply_intl,https://thales.wd3.myworkdayjobs.com/en-US/careers/job/Berlin/Werkstudent--m-w-d--Engineering-Cloud_R0337208
2026-08-12T14:31:31Z,C,AST SpaceMobile,Intern - System and Software Testing,"Asti, Italy +2",,,speedyapply_intl,https://ast-science.com/company/careers/?gh_jid=4705899005
2026-08-12T15:35:26Z,C,CCC Intelligent Solutions,Data Science Engineer Internship,"Chicago (Green St), IL",Not stated,unknown,zshah101,https://cccis.wd1.myworkdayjobs.com/broadbean_external/job/Chicago-Green-St-IL/Data-Science-Engineer-Internship_0014843
2026-08-12T15:35:26Z,C,Northrop Grumman,2027 Intern Software Engineer,United States-Florida-Melbourne,Summer 2027,citizens-only,zshah101,https://ngc.wd1.myworkdayjobs.com/Northrop_Grumman_External_Site/job/United-States-Florida-Melbourne/XMLNAME-2027-Intern-Software-Engineer_R10242395
2026-08-12T17:38:36Z,C,American Fidelity,Software Dev Internship,"Oklahoma City, Oklahoma",Not stated,unknown,zshah101,https://americanfidelity.wd5.myworkdayjobs.com/External/job/Oklahoma-City-Oklahoma/Software-Dev-Internship_JR1005
2026-08-12T18:33:17Z,B,Assured Guaranty,Fall 2026 Intern - Product Software Developer,"New York, NY, United States",Fall 2026,unknown,zshah101,https://boards.greenhouse.io/assuredguaranty/jobs/8700953002?gh_jid=8700953002
2026-08-12T18:33:17Z,C,New Balance,Sports Research Engineer Intern,"Sports Research Lab, Brighton MA",Not stated,unknown,zshah101,https://newbalance.wd1.myworkdayjobs.com/careers/job/Sports-Research-Lab-Brighton-MA/Sports-Research-Engineer-Intern_R40740
2026-08-12T21:25:37Z,B,Western Digital,Summer 2027 Intern - Software Engineering,"San Jose, CA, United States",Summer 2027,unknown,zshah101,https://jobs.smartrecruiters.com/WesternDigital/744000143171017
2026-08-12T21:25:37Z,C,Northwestern Mutual,"Public Investments Quantitative Analyst Intern, Summer 2027","Milwaukee, WI Corporate",Summer 2027,unknown,zshah101,https://northwesternmutual.wd5.myworkdayjobs.com/corporate-careers/job/Milwaukee-WI-Corporate/Public-Investments-Quantitative-Analyst-Intern--Summer-2027_JR-45807
2026-08-12T22:08:24Z,C,Oracle,Platform Software Engineer 1 - Full-time Intern Conversion,United States,Not stated,unknown,zshah101,https://eeho.fa.us2.oraclecloud.com/hcmUI/CandidateExperience/en/sites/CX_45001/job/342415
2026-08-12T22:58:00Z,B,PlusAI,Deep Learning Research Intern — Multimodal BEV Perception,"Santa Clara, CA",Not stated,unknown,zshah101,https://jobs.lever.co/plus-2/2ee24f85-bfa1-47fc-bfe3-fd07521a7b62
2026-08-12T23:38:39Z,C,Northrop Grumman,2027 Intern Software Engineer,United States-Florida-Melbourne,Summer 2027,citizens-only,zshah101,https://ngc.wd1.myworkdayjobs.com/Northrop_Grumman_External_Site/job/United-States-Florida-Melbourne/XMLNAME-2027-Intern-Software-Engineer_R10242395
2026-08-13T09:31:14Z,B,Exa Labs,"Software Engineer, Intern","San Francisco, California",Not stated,offers,zshah101,https://jobs.ashbyhq.com/exa/a9e01521-66f1-481b-89da-ec01d4620f16
2026-08-13T10:42:11Z,C,VWH Capital Management,Quantitative Researcher Intern,"Dallas, TX, United States",Not stated,offers,zshah101,https://jobs.smartrecruiters.com/VWHCapitalManagementLP/744000135105801
2026-08-13T12:07:40Z,B,InfiniteQuant,Quantitative Developer - Internship - Summer 2027,"New York, New York, United States (Remote)",Summer 2027,unknown,zshah101,https://jobs.smartrecruiters.com/InfiniteQuant/744000143287594
2026-08-13T13:43:11Z,C,Northrop Grumman,2027 Intern Software Engineer,United States-Florida-Melbourne,Summer 2027,citizens-only,zshah101,https://ngc.wd1.myworkdayjobs.com/Northrop_Grumman_External_Site/job/United-States-Florida-Melbourne/XMLNAME-2027-Intern-Software-Engineer_R10242395
2026-08-13T13:43:11Z,C,Oracle,Platform Software Engineer 1 - Full-time Intern Conversion,USA,,,speedyapply,https://careers.oracle.com/jobs/#en/sites/jobsearch/job/342415
2026-08-13T13:43:11Z,C,Raytheon,Software Engineering Intern - Summer 2027,"Cedar Rapids, IA",,,speedyapply,https://globalhr.wd5.myworkdayjobs.com/en-US/rec_rtx_ext_gateway/job/US-IA-CEDAR-RAPIDS-137--855-35Th-St-NE--BLDG-137/Software-Engineering-Intern--Summer-2027-_01865875
2026-08-13T13:43:11Z,B,Security Risk Advisors,DevOps Engineering Generalist Co-op,"Rochester, NY",,,speedyapply,https://apply.workable.com/securityriskadvisors/j/3B23FB7BEB/
2026-08-13T13:43:11Z,C,SEL,Software Engineering Intern - AI Focus,"Washington, DC +1",,,speedyapply,https://selinc.wd1.myworkdayjobs.com/en-US/sel/job/Washington---Pullman/Software-Engineering-Intern--AI-Focus-_2026-22601
2026-08-13T13:43:11Z,B,TikTok,Backend Software Engineer Intern - Social - 2027 Start,Singapore,,,speedyapply_intl,https://lifeattiktok.com/search/7665627693737511173
2026-08-13T13:43:11Z,B,TikTok,Mobile Software Engineer Intern - Social - 2027 Start,Singapore,,,speedyapply_intl,https://lifeattiktok.com/search/7665622826842327349
2026-08-13T13:43:11Z,C,Optiver,2027 Shanghai FPGA Developer Summer Internship,"Shanghai, China",,,speedyapply_intl,https://www.optiver.com/join-us/jobs/8644364002/?gh_jid=8644364002
2026-08-13T13:43:11Z,C,Optiver,2027 Shanghai Software Developer Summer Internship,"Shanghai, China",,,speedyapply_intl,https://www.optiver.com/join-us/jobs/8623927002/?gh_jid=8623927002
2026-08-13T13:43:11Z,C,Bosch,DevOps Engineer Internship,"Ovar, Portugal",,,speedyapply_intl,https://jobs.smartrecruiters.com/BoschGroup/744000143128206-devops-engineer-internship?oga=true
2026-08-13T13:43:11Z,C,Bosch,Internship Program Q4 Embedded Software Intern - C/C++/Linux,"Ho Chi Minh City, Vietnam",,,speedyapply_intl,https://jobs.smartrecruiters.com/BoschGroup/744000143206979--internship-program-q4-embedded-software-intern-c-c-linux-?oga=true
2026-08-13T13:43:11Z,C,Bosch,C# Developer - Internship,"Ovar, Portugal",,,speedyapply_intl,https://jobs.smartrecruiters.com/BoschGroup/744000143129049-c-developer-internship?oga=true
2026-08-13T13:43:11Z,C,Cadence,Product Validation Intern - Digital Backend,"Shanghai, China",,,speedyapply_intl,https://cadence.wd1.myworkdayjobs.com/en-US/external_careers/job/SHANGHAI/Product-Validation-Intern---Digital-Backend_R55570
2026-08-13T13:43:11Z,C,Bosch,Robotic Process Automation Developer Smart Start - Recruitment Days,"Istanbul, Turkey",,,speedyapply_intl,https://jobs.smartrecruiters.com/BoschGroup/744000143044679-robotic-process-automation-developer-smart-start-recruitment-days?oga=true
2026-08-13T13:43:11Z,C,Bosch,Paid Internship - Junior Developer - macOS - f/m,"Łódź, Poland",,,speedyapply_intl,https://jobs.smartrecruiters.com/BoschGroup/744000143033029-paid-internship-junior-developer-macos-f-m-?oga=true
2026-08-13T13:43:11Z,C,Front,Software Engineering Intern - Spring/Summer 2027,"Paris, France",,,speedyapply_intl,https://jobs.ashbyhq.com/frontcareers/1026a32c-f8cc-4eee-992b-bacdf771d9fc
2026-08-13T13:43:11Z,B,Loblaw Companies,Software Development - Co-op Student,"Toronto, Canada",,,speedyapply_intl,https://myview.wd3.myworkdayjobs.com/en-US/paradox_careers/job/500-Lake-Shore-Blvd-W-Toronto-ON/Software-Development---Co-op-Student_R2000693078
2026-08-13T13:43:11Z,C,NXP Semiconductors,DevOps Intern,"Bucharest, Romania",,,speedyapply_intl,https://nxp.wd3.myworkdayjobs.com/en-US/careers/job/Bucharest/DevOps-Intern_R-10066169
2026-08-13T15:38:43Z,B,Analytical Mechanics Associates,Graduate Research Scientist intern,Remote - New Jersey,Not stated,unknown,zshah101,https://amainc.wd12.myworkdayjobs.com/ama_careers/job/Remote---New-Jersey/Graduate-Research-Scientist-intern_R-100717-1
2026-08-13T19:42:32Z,C,Crowe,AI Engineering Intern,Chicago IL USA,Not stated,unknown,zshah101,https://crowe.wd12.myworkdayjobs.com/external_careers/job/Chicago-IL-USA/AI-Engineering-Intern_R-51782
2026-08-13T19:42:32Z,C,Crowe,AI Functional Intern,Chicago IL USA,Not stated,unknown,zshah101,https://crowe.wd12.myworkdayjobs.com/external_careers/job/Chicago-IL-USA/AI-Functional-Intern_R-71008
2026-08-13T19:42:32Z,C,Teledyne,NHRC Software Engineering Internship (Summer 2027),"US - Huntsville, AL",Summer 2027,citizens-only,zshah101,https://flir.wd1.myworkdayjobs.com/flircareers/job/US---Huntsville-AL/NHRC-Software-Engineering-Internship--Summer-2027-_REQ36193
2026-08-13T22:00:22Z,C,Northrop Grumman,2027 Intern Software Engineer,United States-Florida-Melbourne,Summer 2027,citizens-only,zshah101,https://ngc.wd1.myworkdayjobs.com/Northrop_Grumman_External_Site/job/United-States-Florida-Melbourne/XMLNAME-2027-Intern-Software-Engineer_R10242395
2026-08-14T09:00:47Z,C,Northrop Grumman,2027 Intern Software Engineer,United States-Florida-Melbourne,Summer 2027,citizens-only,zshah101,https://ngc.wd1.myworkdayjobs.com/Northrop_Grumman_External_Site/job/United-States-Florida-Melbourne/XMLNAME-2027-Intern-Software-Engineer_R10242395
2026-08-14T11:54:22Z,C,Interco,Paid Internship -- Software Development -- React,"St. Louis, MO, United States",Not stated,no-sponsorship,zshah101,https://jobs.smartrecruiters.com/Interco/744000143346169
2026-08-14T14:01:38Z,B,Composio,Fullstack and Product Engineering Internship - Fall 2026 & Winter 2027,"San Francisco, CA",,,speedyapply,https://jobs.ashbyhq.com/composio/eea3c0be-8589-4e3d-a684-de29a9eada0d
2026-08-14T14:01:38Z,C,Teledyne,NHRC Software Engineering Internship - Summer 2027,"Huntsville, AL",,,speedyapply,https://flir.wd1.myworkdayjobs.com/en-US/flircareers/job/US---Huntsville-AL/NHRC-Software-Engineering-Internship--Summer-2027-_REQ36193
2026-08-14T14:01:38Z,C,Airwallex,Software Engineer Intern - Jan to Jun 2027,"Singapore, Singapore",,,speedyapply_intl,https://jobs.ashbyhq.com/airwallex/39651124-122a-4033-91a2-af2687b83441
2026-08-14T14:01:38Z,C,The Exploration Company,GNC Software Intern,"Munich, Germany",,,speedyapply_intl,https://jobs.ashbyhq.com/the-exploration-company/88861ad4-8273-4e58-a4fe-ad3957cac3e2
2026-08-14T14:01:38Z,C,Bosch,Praktikum im Bereich Full-Stack-Engineering - w/m/div.,Botswana,,,speedyapply_intl,https://jobs.smartrecruiters.com/BoschGroup/744000143271669-praktikum-im-bereich-full-stack-engineering-w-m-div-?oga=true
2026-08-14T14:01:38Z,C,Bosch,Internship in the Field of Full Stack Engineering,Botswana,,,speedyapply_intl,https://jobs.smartrecruiters.com/BoschGroup/744000143271509-internship-in-the-field-of-full-stack-engineering?oga=true
2026-08-14T14:01:38Z,C,Bosch,BD Internship - SAP Developer - JS - Java - ABAP - Fiori - BTP,"Ho Chi Minh City, Vietnam",,,speedyapply_intl,https://jobs.smartrecruiters.com/BoschGroup/744000143222859--bd-internship-sap-developer-js-java-abap-fiori-btp-?oga=true
2026-08-14T14:01:38Z,C,Bosch,IT Internship - BackEnd - Java - f/m,"Warsaw, Poland",,,speedyapply_intl,https://jobs.smartrecruiters.com/BoschGroup/744000143272044-it-internship-backend-java-f-m-?oga=true
2026-08-14T14:01:38Z,C,DRW,Software Developer Intern - Data Engineering,Singapore,,,speedyapply_intl,https://job-boards.greenhouse.io/drweng/jobs/8127242
2026-08-14T14:01:38Z,C,GE Vernova,Engineering Intern - Power Conversion & Storage AI Tool Developer 2027,,,,speedyapply_intl,https://gevernova.wd5.myworkdayjobs.com/en-US/only_confidential_executive_recruiting/job/Niskayuna/Engineering-Intern---Power-Conversion---Storage-AI-Tool-Developer--2027_R5049957-1
2026-08-14T15:05:06Z,C,Motorola,Android Platform Software Engineering Intern - Summer 2027,"Plantation, FL, More...",Summer 2027,citizens-only,zshah101,https://motorolasolutions.wd5.myworkdayjobs.com/Careers/job/Plantation-FL/Android-Platform-Software-Engineering-Intern---Summer-2027_R67362-1
2026-08-14T17:08:19Z,C,TransMarket Group,Software Engineering Intern,"Chicago, Illinois, United States",Not stated,unknown,zshah101,https://job-boards.greenhouse.io/transmarketgroup/jobs/5212335007?gh_jid=5212335007
2026-08-14T17:08:19Z,C,Crowe,AI Project Coordinator Intern,Chicago IL USA,Not stated,unknown,zshah101,https://crowe.wd12.myworkdayjobs.com/external_careers/job/Chicago-IL-USA/AI-Project-Coordinator-Intern_R-71007
2026-08-14T18:03:42Z,C,Generac,Intern Firmware Engineering,"Reno, NV - USA",Not stated,unknown,zshah101,https://generac.wd5.myworkdayjobs.com/external/job/Reno-NV---USA/Intern-Firmware-Engineering_JR14674
2026-08-14T19:54:21Z,B,Notion,Software Engineer Intern (Summer 2027),"San Francisco, California",Summer 2027,unknown,zshah101,https://jobs.ashbyhq.com/notion/3fba1c39-c5cb-47d7-9ad2-1cec4d7e9d0c
2026-08-14T19:54:21Z,C,CCC Intelligent Solutions,AI Enablement Intern,"Chicago (Green St), IL",Not stated,unknown,zshah101,https://cccis.wd1.myworkdayjobs.com/broadbean_external/job/Chicago-Green-St-IL/AI-Enablement-Intern_0014851
2026-08-14T19:54:21Z,C,Crowe,Data Analytics Developer Intern,Chicago IL USA,Not stated,unknown,zshah101,https://crowe.wd12.myworkdayjobs.com/external_careers/job/Chicago-IL-USA/Data-Analytics-Developer-Intern_R-71041
2026-08-14T19:54:21Z,C,Valeo,Software Engineer Intern,"Troy, MI",Not stated,unknown,zshah101,https://valeo.wd3.myworkdayjobs.com/valeo_jobs/job/Troy-MI/Software-Engineer-Intern_REQ2026076575
2026-08-14T21:16:06Z,C,The Nuclear Company,Summer 2027 AI Applied Research Internship,"Washington, DC",Summer 2027,citizens-only,zshah101,https://job-boards.greenhouse.io/thenuclearcompany/jobs/5391923008
2026-08-14T22:12:07Z,C,onsemi,Fall 2026 - Tax AI and Automation Intern,"Scottsdale, AZ, United States",Fall 2026,unknown,zshah101,https://hctz.fa.us2.oraclecloud.com/hcmUI/CandidateExperience/en/sites/CX_1001/job/2506307
2026-08-14T22:38:54Z,C,Arevon,"Data Science Intern, Interconnection & Transmission","Scottsdale, AZ",Not stated,unknown,zshah101,https://job-boards.greenhouse.io/arevonenergyimpltest/jobs/5211455007
2026-08-14T22:57:24Z,B,First American,Software Engineering Intern,"USA, California, Remote",Not stated,unknown,zshah101,https://firstam.wd1.myworkdayjobs.com/firstamericancareers/job/USA-California-Remote/Software-Engineering-Intern_R058261
2026-08-14T22:57:24Z,C,RTX,Software Engineering Intern (Summer 2027),US-IA-CEDAR RAPIDS-131 ~ 5450 C Ave NE ~ BLDG 131,Summer 2027,no-sponsorship,zshah101,https://globalhr.wd5.myworkdayjobs.com/Private_Posting_No_TMP/job/US-IA-CEDAR-RAPIDS-131--5450-C-Ave-NE--BLDG-131/Software-Engineering-Intern--Summer-2027-_01866136
2026-08-14T23:59:58Z,B,First American,Software Engineering Intern,"USA, California, Remote",Not stated,unknown,zshah101,https://firstam.wd1.myworkdayjobs.com/firstamericancareers/job/USA-California-Remote/Software-Engineering-Intern_R058260
2026-08-15T02:29:04Z,B,Freeform,Software Engineering Intern (Summer 2027),"Los Angeles, CA (On-site)",Summer 2027,unknown,zshah101,https://job-boards.greenhouse.io/freeformfuturecorp/jobs/7872198003
2026-08-15T02:29:04Z,C,RTX,Software Engineering Intern (Summer 2027),US-IA-CEDAR RAPIDS-105 ~ 400 Collins Rd NE ~ BLDG 105,Summer 2027,no-sponsorship,zshah101,https://globalhr.wd5.myworkdayjobs.com/Private_Posting_No_TMP/job/US-IA-CEDAR-RAPIDS-105--400-Collins-Rd-NE--BLDG-105/Software-Engineering-Intern--Summer-2027-_01867129
2026-08-15T06:20:11Z,C,Motorola,"Intern - Embedded Software, System, and Test Engineer - 2026","Irvine, CA",Fall 2026,citizens-only,zshah101,https://motorolasolutions.wd5.myworkdayjobs.com/Careers/job/Irvine-CA/Intern---Embedded-Software--System--and-Test-Engineer---2026_R62372
2026-08-15T09:16:33Z,C,Northrop Grumman,2027 Intern Software Engineer,United States-Florida-Melbourne,Summer 2027,citizens-only,zshah101,https://ngc.wd1.myworkdayjobs.com/Northrop_Grumman_External_Site/job/United-States-Florida-Melbourne/XMLNAME-2027-Intern-Software-Engineer_R10242395
2026-08-15T10:12:41Z,C,ONEOK,"Cyber Security Intern - Tulsa, OK","Tulsa, OK",Not stated,unknown,zshah101,https://oneok.wd1.myworkdayjobs.com/ONEOK_Early_Careers/job/Tulsa-OK/Cyber-Security-Intern---Tulsa--OK_R8449
2026-08-15T13:05:11Z,C,Valeo,Software Engineer Intern,"Troy, MI",,,speedyapply,https://valeo.wd3.myworkdayjobs.com/en-US/valeo_jobs/job/Troy-MI/Software-Engineer-Intern_REQ2026076575
2026-08-15T13:05:11Z,A,TikTok,Mobile Software Engineer Intern - Global E-Commerce - 2027 Summer,"San Jose, CA",,,speedyapply,https://lifeattiktok.com/search/7673663349758675205
2026-08-15T13:05:11Z,B,Abridge,Software Engineer - Intern,"San Francisco, CA +1",,,speedyapply,https://jobs.ashbyhq.com/abridge/3f07a457-dc14-4238-bf4e-5c33b5c1f883
2026-08-15T13:05:11Z,B,Hypercubic,Software Engineering Internship,"San Francisco, CA",,,speedyapply,https://jobs.ashbyhq.com/hypercubic/ab7a23f9-7280-4443-b442-2813dc39d490
2026-08-15T13:05:11Z,B,Notion,Software Engineer Intern - Winter 2027,"San Francisco, CA +1",,,speedyapply,https://jobs.ashbyhq.com/notion/e66c6658-9e65-4c58-8db2-844628b6e8f8
2026-08-15T13:05:11Z,C,Crowe,Data Analytics Developer Intern,"Chicago, IL",,,speedyapply,https://crowe.wd12.myworkdayjobs.com/en-US/external_careers/job/Chicago-IL-USA/Data-Analytics-Developer-Intern_R-71041
2026-08-15T13:05:11Z,B,First American,Software Engineering Intern,"Remote - California, MD",,,speedyapply,https://firstam.wd1.myworkdayjobs.com/en-US/firstamericancareers/job/USA-California-Remote/Software-Engineering-Intern_R058260
2026-08-15T13:05:11Z,C,Generac,Intern Firmware Engineering,"Reno, NV",,,speedyapply,https://generac.wd5.myworkdayjobs.com/en-US/external/job/Reno-NV---USA/Intern-Firmware-Engineering_JR16149
2026-08-15T13:05:11Z,C,Motorola Solutions,Android Platform Software Engineering Intern - Summer 2027,"Plantation, FL +1",,,speedyapply,https://motorolasolutions.wd5.myworkdayjobs.com/en-US/careers/job/Plantation-FL/Android-Platform-Software-Engineering-Intern---Summer-2027_R67362-1
2026-08-15T13:05:11Z,C,Baker Hughes,Intern - Benefit Tool Developer - 12 Month Fixed Term Contract,,,,speedyapply_intl,https://bakerhughes.wd5.myworkdayjobs.com/en-US/bakerhughes/job/GB-AC-ABERDEEN-BAKER-HUGHES-BUILDING/Intern---Benefit-Tool-Developer--12-Month-Fixed-Term-Contract-_R168066
2026-08-15T13:05:11Z,C,Bosch,DevOps Engineer - Internship - f/m/div.,"Ovar, Portugal",,,speedyapply_intl,https://jobs.smartrecruiters.com/BoschGroup/744000143455469-devops-engineer-internship-f-m-div-?oga=true
2026-08-15T13:05:11Z,C,Bosch,C# Developer - Internship - f/m/div.,"Ovar, Portugal",,,speedyapply_intl,https://jobs.smartrecruiters.com/BoschGroup/744000143454572-c-developer-internship-f-m-div-?oga=true
2026-08-15T13:05:11Z,C,Logitech,Intern Software For Gaming,"Suzhou, China",,,speedyapply_intl,https://logitech.wd5.myworkdayjobs.com/en-US/logitech/job/Suzhou-China/Intern-Software-For-Gaming_147817
2026-08-15T13:05:11Z,C,Thales,Intern Trainee DevOp,"Madrid, Spain",,,speedyapply_intl,https://thales.wd3.myworkdayjobs.com/en-US/careers/job/Madrid/Intern-Trainee-DevOp_R0336361-1
2026-08-15T19:14:16Z,B,Replit,Software Engineering Intern (Summer 2027),"Foster City, CA",Summer 2027,unknown,zshah101,https://jobs.ashbyhq.com/replit/7e0dafe8-3eec-442e-aa76-a4d84d779fb1
2026-08-15T23:54:37Z,C,Photon,Software Engineering / AI Intern - US - Remote,United States,Not stated,unknown,zshah101,https://fa-ertb-saasfaprod1.fa.ocs.oraclecloud.com/hcmUI/CandidateExperience/en/sites/CX_2/job/26738
2026-08-16T03:57:20Z,C,Northrop Grumman,2027 Intern Software Engineer,United States-Florida-Melbourne,Summer 2027,citizens-only,zshah101,https://ngc.wd1.myworkdayjobs.com/Northrop_Grumman_External_Site/job/United-States-Florida-Melbourne/XMLNAME-2027-Intern-Software-Engineer_R10242395
2026-08-16T10:56:55Z,C,Northrop Grumman,2027 Intern Software Engineer,United States-Florida-Melbourne,Summer 2027,citizens-only,zshah101,https://ngc.wd1.myworkdayjobs.com/Northrop_Grumman_External_Site/job/United-States-Florida-Melbourne/XMLNAME-2027-Intern-Software-Engineer_R10242395
2026-08-16T13:42:01Z,C,Northrop Grumman,2027 Intern Software Engineer,United States-Florida-Melbourne,Summer 2027,citizens-only,zshah101,https://ngc.wd1.myworkdayjobs.com/Northrop_Grumman_External_Site/job/United-States-Florida-Melbourne/XMLNAME-2027-Intern-Software-Engineer_R10242395
2026-08-17T04:42:56Z,B,American Express,"Campus Graduate Masters Summer Internship Program - 2027 Software Engineer, Enterprise Technology Services- New York, NY","New York, NY, United States",Summer 2027,unknown,zshah101,https://egug.fa.us2.oraclecloud.com/hcmUI/CandidateExperience/en/sites/CX_1/job/26011082
2026-08-17T04:42:56Z,C,American Express,"Campus Graduate Masters Summer Internship Program - 2027 Software Engineer, Enterprise Technology Services- Charlotte, NC","Charlotte, NC, United States",Summer 2027,unknown,zshah101,https://egug.fa.us2.oraclecloud.com/hcmUI/CandidateExperience/en/sites/CX_1/job/26011987
2026-08-17T13:13:14Z,C,GE Aerospace,Engines Engineering Co-op - Computer or Software Engineering - US - Spring 2027,,,,speedyapply_intl,https://geaerospace.wd5.myworkdayjobs.com/en-US/ge_externalsite/job/Evendale/Engines-Engineering-Co-op---Computer-or-Software-Engineering---US---Spring-2027_R5029619
2026-08-17T13:13:14Z,C,GE Aerospace,Engines Engineering Intern - Computer or Software Engineering - US - Summer 2027,,,,speedyapply_intl,https://geaerospace.wd5.myworkdayjobs.com/en-US/ge_externalsite/job/Evendale/Engines-Engineering-Intern---Computer-or-Software-Engineering---US---Summer-2027_R5029622-1
2026-08-17T13:13:14Z,C,GE Aerospace,Engines Engineering Co-op - Computer or Software Engineering - US - Fall 2027,,,,speedyapply_intl,https://geaerospace.wd5.myworkdayjobs.com/en-US/ge_externalsite/job/Evendale/Engines-Engineering-Co-op---Computer-or-Software-Engineering---US---Fall-2027_R5029637-1
2026-08-17T14:17:59Z,C,Snowflake,Software Engineer Intern - Berlin (2026),DE-Berlin-Trion Building,Fall 2026,unknown,zshah101,https://jobs.ashbyhq.com/snowflake/41e65c6c-a01e-4f40-af14-ae75d3b95e27
2026-08-17T15:16:51Z,C,Belvedere Trading,Quantitative Trading Intern,"Chicago, IL",Winter,Does Not Offer Sponsorship,vanshb03,https://jobs.lever.co/belvederetrading/5e07daf3-a6bb-40d4-8125-b56d2ea20d81
2026-08-17T15:16:51Z,C,Copart,Software Engineering Intern,"Dallas, TX",Summer,Offers Sponsorship,vanshb03,https://copart.wd12.myworkdayjobs.com/copart/job/Dallas-TX---Headquarters/Software-Engineering-Intern_JR110011
2026-08-17T15:47:15Z,B,Moog,Software Engineer Intern,"Buffalo, NY",Fall,Other,vanshb03,https://moog.wd5.myworkdayjobs.com/moog_external_career_site/job/Buffalo-NY/Intern--Software-Engineering_R-26-18885-1
2026-08-17T15:47:15Z,A,Datadog,Software Engineering Intern,"Boston, Massachusetts, USA; New York, New York, USA",Winter 2027,unknown,zshah101,https://careers.datadoghq.com/detail/8052095/?gh_jid=8052095
2026-08-17T15:47:15Z,C,RTX,Software Engineering Intern (Summer 2027),US-IA-CEDAR RAPIDS-166 ~ 855 35Th St NE ~ BLDG 166,Summer 2027,citizens-only,zshah101,https://globalhr.wd5.myworkdayjobs.com/Private_Posting_No_TMP/job/US-IA-CEDAR-RAPIDS-166--855-35Th-St-NE--BLDG-166/Software-Engineering-Intern--Summer-2027-_01867487
2026-08-17T16:51:58Z,C,ACDS,Align AI Software Development Intern,"Bentonville, AR",Not stated,unknown,zshah101,https://jobs.lever.co/acds/5a872bb7-8d9f-46e3-9e72-f5c69445e787
2026-08-17T17:17:06Z,B,KeyBank,2027 Summer Key Technology & Services: Cyber/Information Security Track Internship- Cleveland,"Brooklyn, OH",Summer 2027,unknown,zshah101,https://keybank.wd5.myworkdayjobs.com/External_Career_Site/job/Brooklyn-OH/XMLNAME-2027-Summer-Key-Technology---Services--Cyber-Information-Security-Track-Internship--Cleveland_R-41384
2026-08-17T18:22:55Z,C,American Express,"Campus Undergraduate Summer Internship Program - 2027 Software Engineer, Enterprise Technology Services- Charlotte, NC","Charlotte, NC, United States",Summer 2027,unknown,zshah101,https://egug.fa.us2.oraclecloud.com/hcmUI/CandidateExperience/en/sites/CX_1/job/26011679
2026-08-17T19:38:55Z,B,Point72,Quantitative Developer Intern,New York,Winter 2027,unknown,zshah101,https://boards.greenhouse.io/point72/jobs/8721562002?gh_jid=8721562002
2026-08-17T19:38:55Z,C,Wabtec,Firmware Engineering Co-Op,"Waltham, MA, United States",Winter 2027,unknown,zshah101,https://jobs.smartrecruiters.com/Wabtec/3743990014629016
2026-08-17T21:16:37Z,C,American Fidelity,Agentic AI Internship (OKC Local Only),"Oklahoma City, Oklahoma",Winter 2027,unknown,zshah101,https://americanfidelity.wd5.myworkdayjobs.com/External/job/Oklahoma-City-Oklahoma/IT-Intern-1_JR1016
2026-08-17T21:16:37Z,C,American Fidelity,Software Test Intern (OKC Local Only),"Oklahoma City, Oklahoma",Winter 2027,unknown,zshah101,https://americanfidelity.wd5.myworkdayjobs.com/External/job/Oklahoma-City-Oklahoma/Software-Test-Intern--OKC-Local-Only-_JR1020
2026-08-17T21:16:37Z,C,RTX,Software Engineering Intern (Summer 2027),US-IA-CEDAR RAPIDS-192 ~ 1205 Continental Place NE ~ BLDG 192,Summer 2027,citizens-only,zshah101,https://globalhr.wd5.myworkdayjobs.com/Private_Posting_No_TMP/job/US-IA-CEDAR-RAPIDS-192--1205-Continental-Place-NE--BLDG-192/Software-Engineering-Intern--Summer-2027-_01867324
2026-08-17T21:16:37Z,C,Intel,Software Development Graduate Intern,"US, California, Folsom",Not stated,unknown,zshah101,https://intel.wd1.myworkdayjobs.com/external/job/US-California-Folsom/Software-Development-Graduate-Intern_JR0285451-1
2026-08-17T21:16:37Z,C,Vanguard,College to Corporate IT Internship - Data Science (NC),"Charlotte, NC",Summer 2027,unknown,zshah101,https://vanguard.wd5.myworkdayjobs.com/vanguard_external/job/Charlotte-NC/College-to-Corporate-IT-Internship---Data-Science--NC-_177682-1
2026-08-17T21:16:37Z,C,Vanguard,College to Corporate IT Internship - Data Science (PA),"Malvern, PA",Summer 2027,unknown,zshah101,https://vanguard.wd5.myworkdayjobs.com/vanguard_external/job/Malvern-PA/College-to-Corporate-IT-Internship---Data-Science--PA-_177680-1
2026-08-17T22:13:51Z,B,American Express,"Campus Undergraduate Summer Internship Program - 2027 Software Engineer, Technology - New York, NY","New York, NY, United States",Summer 2027,unknown,zshah101,https://egug.fa.us2.oraclecloud.com/hcmUI/CandidateExperience/en/sites/CX_1/job/26010970
2026-08-17T22:13:51Z,C,American Express,"Campus Graduate Masters Summer Internship Program - 2027 Software Engineer, Enterprise Technology Services- Sunrise, FL","Sunrise, FL, United States",Summer 2027,unknown,zshah101,https://egug.fa.us2.oraclecloud.com/hcmUI/CandidateExperience/en/sites/CX_1/job/26011084
2026-08-17T22:13:51Z,B,American Express,"Campus Undergraduate Summer Internship Program - 2027 AI Engineer, Enterprise Technology Services- New York, NY","New York, NY, United States",Summer 2027,unknown,zshah101,https://egug.fa.us2.oraclecloud.com/hcmUI/CandidateExperience/en/sites/CX_1/job/26011698
2026-08-17T22:13:51Z,C,American Express,"Campus Undergraduate Summer Internship Program - 2027 AI Engineer, Enterprise Technology Services- Sunrise, FL","Sunrise, FL, United States",Summer 2027,unknown,zshah101,https://egug.fa.us2.oraclecloud.com/hcmUI/CandidateExperience/en/sites/CX_1/job/26011745
2026-08-17T22:13:51Z,C,American Express,"Campus Undergraduate Summer Internship Program - 2027 AI Engineer, Enterprise Technology Services- Atlanta, GA","Atlanta, GA, United States",Summer 2027,unknown,zshah101,https://egug.fa.us2.oraclecloud.com/hcmUI/CandidateExperience/en/sites/CX_1/job/26011796
2026-08-17T22:13:51Z,B,American Express,"Campus Graduate Masters Summer Internship Program - 2027 AI Engineer, Enterprise Technology Services- New York, NY","New York, NY, United States",Summer 2027,unknown,zshah101,https://egug.fa.us2.oraclecloud.com/hcmUI/CandidateExperience/en/sites/CX_1/job/26011991
2026-08-17T22:13:51Z,C,American Express,"Campus Graduate Masters Summer Internship Program - 2027 AI Engineer, Enterprise Technology Services- Sunrise, FL","Sunrise, FL, United States",Summer 2027,unknown,zshah101,https://egug.fa.us2.oraclecloud.com/hcmUI/CandidateExperience/en/sites/CX_1/job/26011999
2026-08-17T22:13:51Z,C,American Fidelity,Cyber Security Intern (OKC Local Only),"Oklahoma City, Oklahoma",Winter 2027,unknown,zshah101,https://americanfidelity.wd5.myworkdayjobs.com/External/job/Oklahoma-City-Oklahoma/Cyber-Security-Intern--OKC-Local-Only-_JR1023
2026-08-17T22:13:51Z,C,American Fidelity,Software Mobile Intern (OKC Local Only),"Oklahoma City, Oklahoma",Winter 2027,unknown,zshah101,https://americanfidelity.wd5.myworkdayjobs.com/External/job/Oklahoma-City-Oklahoma/Software-Mobile-Intern--OKC-Local-Only-_JR1021
2026-08-17T22:13:51Z,C,Conagra Brands,IT Infrastructure Internship - Summer 2027,"Omaha, Nebraska",Summer 2027,unknown,zshah101,https://conagrabrands.wd1.myworkdayjobs.com/Careers_US/job/Omaha-Nebraska/IT-Infrastructure-Internship---Summer-2027_Req-039788
2026-08-17T22:13:51Z,C,Conagra Brands,Software Development Internship - Summer 2027,"Omaha, Nebraska",Summer 2027,unknown,zshah101,https://conagrabrands.wd1.myworkdayjobs.com/Careers_US/job/Omaha-Nebraska/Software-Development-Internship---Summer-2027_Req-039787
2026-08-17T22:40:54Z,C,Vanguard,College to Corporate IT Internship - Data Analyst (NC),"Charlotte, NC",Summer 2027,unknown,zshah101,https://vanguard.wd5.myworkdayjobs.com/vanguard_external/job/Charlotte-NC/College-to-Corporate-IT-Internship---Data-Analyst--NC-_177677-1
2026-08-17T22:58:55Z,C,American Express,"Campus Graduate Masters Summer Internship Program - 2027 AI Engineer I, Enterprise Technology Services- Phoenix, AZ","Phoenix, AZ, United States",Summer 2027,unknown,zshah101,https://egug.fa.us2.oraclecloud.com/hcmUI/CandidateExperience/en/sites/CX_1/job/26012392
2026-08-17T22:58:55Z,C,American Express,"Campus Undergraduate Summer Internship Program - 2027 Cybersecurity Analyst, Enterprise Technology Services- Phoenix, AZ","Phoenix, AZ, United States",Summer 2027,unknown,zshah101,https://egug.fa.us2.oraclecloud.com/hcmUI/CandidateExperience/en/sites/CX_1/job/26012460
2026-08-17T22:58:55Z,C,American Express,"Campus Graduate Masters Summer Internship Program - 2027 Cybersecurity Analyst, Enterprise Technology Services- Phoenix, AZ","Phoenix, AZ, United States",Summer 2027,unknown,zshah101,https://egug.fa.us2.oraclecloud.com/hcmUI/CandidateExperience/en/sites/CX_1/job/26012462
2026-08-17T23:57:36Z,C,American Express,"Campus Undergraduate Summer Internship Program - 2027 Software Engineer I, Enterprise Technology Services- Phoenix, AZ","Phoenix, AZ, United States",Summer 2027,unknown,zshah101,https://egug.fa.us2.oraclecloud.com/hcmUI/CandidateExperience/en/sites/CX_1/job/26011781
2026-08-17T23:57:36Z,C,American Express,"Campus Graduate Masters Summer Internship Program - 2027 Software Engineer I, Enterprise Technology Services- Phoenix, AZ","Phoenix, AZ, United States",Summer 2027,unknown,zshah101,https://egug.fa.us2.oraclecloud.com/hcmUI/CandidateExperience/en/sites/CX_1/job/26011784
2026-08-17T23:57:36Z,B,American Express,"Campus Undergraduate Summer Internship Program - 2027 Cybersecurity Analyst, Enterprise Technology Services- New York, NY","New York, NY, United States",Summer 2027,unknown,zshah101,https://egug.fa.us2.oraclecloud.com/hcmUI/CandidateExperience/en/sites/CX_1/job/26011878
2026-08-17T23:57:36Z,B,American Express,"Campus Graduate Masters Summer Internship Program - 2027 Cybersecurity Analyst, Enterprise Technology Services- New York, NY","New York, NY, United States",Summer 2027,unknown,zshah101,https://egug.fa.us2.oraclecloud.com/hcmUI/CandidateExperience/en/sites/CX_1/job/26011893
2026-08-17T23:57:36Z,C,American Express,"Campus Undergraduate Summer Internship Program - 2027 Cybersecurity Analyst, Enterprise Technology Services- Atlanta, GA","Atlanta, GA, United States",Summer 2027,unknown,zshah101,https://egug.fa.us2.oraclecloud.com/hcmUI/CandidateExperience/en/sites/CX_1/job/26011908
2026-08-17T23:57:36Z,C,American Express,"Campus Graduate Masters Summer Internship Program - 2027 Cybersecurity Analyst, Enterprise Technology Services- Atlanta, GA","Atlanta, GA, United States",Summer 2027,unknown,zshah101,https://egug.fa.us2.oraclecloud.com/hcmUI/CandidateExperience/en/sites/CX_1/job/26011913
2026-08-17T23:57:36Z,C,American Express,"Campus Undergraduate Summer Internship Program - 2027 Cybersecurity Analyst, Enterprise Technology Services- Sunrise, FL","Sunrise, FL, United States",Summer 2027,unknown,zshah101,https://egug.fa.us2.oraclecloud.com/hcmUI/CandidateExperience/en/sites/CX_1/job/26011914
2026-08-17T23:57:36Z,C,American Express,"Campus Graduate Masters Summer Internship Program - 2027 AI Engineer, Enterprise Technology Services- Atlanta, GA","Atlanta, GA, United States",Summer 2027,unknown,zshah101,https://egug.fa.us2.oraclecloud.com/hcmUI/CandidateExperience/en/sites/CX_1/job/26012000
2026-08-17T23:57:36Z,C,American Express,"Campus Undergraduate Summer Internship Program - 2027 AI Engineer I, Enterprise Technology Services- Phoenix, AZ","Phoenix, AZ, United States",Summer 2027,unknown,zshah101,https://egug.fa.us2.oraclecloud.com/hcmUI/CandidateExperience/en/sites/CX_1/job/26012375
2026-08-17T23:57:36Z,C,American Express,"Campus Graduate Masters Summer Internship Program - 2027 Cybersecurity Analyst, Enterprise Technology Services- Sunrise, FL","Sunrise, FL, United States",Summer 2027,unknown,zshah101,https://egug.fa.us2.oraclecloud.com/hcmUI/CandidateExperience/en/sites/CX_1/job/26012444
2026-08-18T07:50:31Z,C,Northrop Grumman,2027 Intern Software Engineer,United States-Florida-Melbourne,Summer 2027,citizens-only,zshah101,https://ngc.wd1.myworkdayjobs.com/Northrop_Grumman_External_Site/job/United-States-Florida-Melbourne/XMLNAME-2027-Intern-Software-Engineer_R10242395
2026-08-18T10:17:29Z,B,Xantium,Quantitative Developer Intern,"London, England, New York, New York",Summer 2027,unknown,zshah101,https://job-boards.greenhouse.io/xantium/jobs/4360768009
2026-08-18T10:17:29Z,B,Xantium,Quantitative Researcher Internship,"London, England, New York, New York",Summer 2027,unknown,zshah101,https://job-boards.greenhouse.io/xantium/jobs/4371217009
2026-08-18T10:17:29Z,C,Hilton Worldwide,2027 Corporate Summer Internship - Technology (Software Engineering and Cyber),"Memphis, TN, United States; McLean, VA, United States; Dallas, TX, United States",Summer 2027,unknown,zshah101,https://efet.fa.us2.oraclecloud.com/hcmUI/CandidateExperience/en/sites/CX_1009/job/218257
2026-08-18T12:24:04Z,C,Amcor,Intern - AI Innovation Engineer,ASC Atlanta HQ GA,Not stated,unknown,zshah101,https://amcor.wd5.myworkdayjobs.com/amcor_external_career_site/job/ASC-Atlanta-HQ-GA/AI-Innovation-Engineer_REQ_93190
2026-08-18T13:15:57Z,A,Datadog,Software Engineering Intern,"Boston, Massachusetts, USA; New York, New York, USA",Winter 2027,unknown,zshah101,https://careers.datadoghq.com/detail/8052095/?gh_jid=8052095
2026-08-18T13:15:57Z,B,Point72,Quantitative Developer Intern,"New York City, NY",Winter 2027,unknown,zshah101,https://boards.greenhouse.io/point72/jobs/8721562002?gh_jid=8721562002
2026-08-18T13:15:57Z,C,Conagra Brands,Software Development Internship - Summer 2027,"Omaha, NE",,,speedyapply,https://conagrabrands.wd1.myworkdayjobs.com/en-US/careers_us/job/Omaha-Nebraska/Software-Development-Internship---Summer-2027_Req-039787
2026-08-18T13:15:57Z,C,Intel,Software Development Graduate Intern,"Folsom, CA",,,speedyapply,https://intel.wd1.myworkdayjobs.com/en-US/external/job/US-California-Folsom/Software-Development-Graduate-Intern_JR0285451-1
2026-08-18T13:15:57Z,C,Google,Software Engineering PhD Intern - 2027,"Warsaw, Poland +1",,,speedyapply_intl,https://www.google.com/about/careers/applications/jobs/results/107087730147500742
2026-08-18T13:15:57Z,C,Google,Part-Time Software Engineering PhD Intern - 2027,"Tel Aviv, Israel",,,speedyapply_intl,https://www.google.com/about/careers/applications/jobs/results/74922616988541638
2026-08-18T13:15:57Z,C,Google,Software Engineering or SRE - PhD Intern - 2027,"London, United Kingdom",,,speedyapply_intl,https://www.google.com/about/careers/applications/jobs/results/80037545080955590
2026-08-18T13:15:57Z,C,Optiver,Software Engineer Internship - 2027 Start,"Amsterdam, The Netherlands +1",,,speedyapply_intl,https://www.optiver.com/join-us/jobs/8713409002/?gh_jid=8713409002
2026-08-18T13:15:57Z,C,Bosch,EDA Intern for Embedded Software,"Hanoi, Vietnam",,,speedyapply_intl,https://jobs.smartrecruiters.com/BoschGroup/744000143758952--eda-intern-for-embedded-software?oga=true
2026-08-18T13:15:57Z,C,Bosch,EAE Intern for Embedded System,"Ho Chi Minh City, Vietnam",,,speedyapply_intl,https://jobs.smartrecruiters.com/BoschGroup/744000143758799--eae-intern-for-embedded-system?oga=true
2026-08-18T13:15:57Z,C,Bosch,EEC Intern for Embedded Software,"Ho Chi Minh City, Vietnam",,,speedyapply_intl,https://jobs.smartrecruiters.com/BoschGroup/744000143756274--eec-intern-for-embedded-software?oga=true
2026-08-18T13:15:57Z,C,Bosch,EPM Intern for DevOps Engineer,"Tân Bình, Vietnam",,,speedyapply_intl,https://jobs.smartrecruiters.com/BoschGroup/744000143757219--epm-intern-for-devops-engineer?oga=true
2026-08-18T13:15:57Z,C,GE Vernova,Software Engineering Intern,"Bucharest, Romania",,,speedyapply_intl,https://gevernova.wd5.myworkdayjobs.com/en-US/only_confidential_executive_recruiting/job/Bucharest/Software-Engineering-Intern_R5050160-1
2026-08-18T13:15:57Z,C,GE Vernova,DevOps - SRE Intern,"Bucharest, Romania",,,speedyapply_intl,https://gevernova.wd5.myworkdayjobs.com/en-US/only_confidential_executive_recruiting/job/Bucharest/DevOps--SRE--Intern_R5049863
2026-08-18T13:15:57Z,C,Intel,AI/ML Software Development Intern,"Kulim, Malaysia",,,speedyapply_intl,https://intel.wd1.myworkdayjobs.com/en-US/external/job/Malaysia-Kulim/AI-ML-Software-Development-Intern_JR0286500
2026-08-18T13:15:57Z,C,Mercedes-Benz Tech Innovation,Intern Software Development AR - m/f/x,"Böblingen, Germany",,,speedyapply_intl,https://mercedesbenztechinnovation.wd3.myworkdayjobs.com/en-US/mbti_jobportal/job/Bblingen/Praktikant-Softwareentwicklung-AR--m-w-d-_R0006108
2026-08-18T13:15:57Z,C,Motorola Solutions,Intern Software Developer - Java,"Kraków, Poland",,,speedyapply_intl,https://motorolasolutions.wd5.myworkdayjobs.com/en-US/careers/job/Krakow-Poland/Intern-Software-Developer--Java-_R67239
2026-08-18T13:15:57Z,C,Softeta,Software Development Internship - AI-Assisted Engineering,"Vilnius, Lithuania",,,speedyapply_intl,https://apply.workable.com/softeta/j/EDE75148F7/
2026-08-18T13:15:57Z,C,Tencent,Software Engineering Intern - Overseas AdTech Data Systems,,,,speedyapply_intl,https://tencent.wd1.myworkdayjobs.com/en-US/tencent_careers/job/Singapore-CapitaSky/Software-Engineering-Intern--Overseas-AdTech-Data-Systems-_R107996
2026-08-18T14:49:36Z,C,Sherwin-Williams,Year-Round IT Database Engineer Co-Op,"Cleveland, OH, United States",Not stated,unknown,zshah101,https://ejhp.fa.us6.oraclecloud.com/hcmUI/CandidateExperience/en/sites/CX_2/job/2621017
2026-08-18T15:21:12Z,C,American Express,"Campus Undergraduate Summer Internship Program - 2027 Software Engineer, Enterprise Technology Services- Sunrise, FL","Sunrise, FL, United States",Summer 2027,unknown,zshah101,https://egug.fa.us2.oraclecloud.com/hcmUI/CandidateExperience/en/sites/CX_1/job/26011015
2026-08-18T15:21:12Z,C,PIMCO,"2027 Summer Intern - Technology Analyst, Software Engineering","Austin, TX USA",Summer 2027,unknown,zshah101,https://pimco.wd1.myworkdayjobs.com/pimco-careers/job/Austin-TX-USA/XMLNAME-2027-Summer-Intern---Technology-Analyst--Software-Engineering_R106745
2026-08-18T19:55:08Z,C,Assurant,Digital & AI Transformation Intern-1,"Atlanta, GA",Not stated,unknown,zshah101,https://assurant.wd1.myworkdayjobs.com/External_Limited_Posting/job/Atlanta-GA/Digital---AI-Transformation-Intern-1_R-115202
2026-08-18T20:39:14Z,C,PIMCO,"2027 Summer Intern - Technology Analyst, Software Engineering","Austin, TX USA",Summer 2027,unknown,zshah101,https://pimco.wd1.myworkdayjobs.com/pimco-careers/job/Austin-TX-USA/XMLNAME-2027-Summer-Intern---Technology-Analyst--Software-Engineering_R106745
